ds,y,residuals
2016-01-01 00:00:00,43731.75,3625.1640625
2016-01-01 01:00:00,41962.0,1829.9453125
2016-01-01 02:00:00,40222.5,-2011.58203125
2016-01-01 03:00:00,39243.0,-5003.41015625
2016-01-01 04:00:00,38749.5,-4340.00390625
2016-01-01 05:00:00,38060.0,-3802.48046875
2016-01-01 06:00:00,36689.0,-5284.8359375
2016-01-01 07:00:00,36925.0,-4648.57421875
2016-01-01 08:00:00,37604.0,-4347.6875
2016-01-01 09:00:00,39606.75,-1069.171875
2016-01-01 10:00:00,42318.25,3079.26171875
2016-01-01 11:00:00,45348.25,5609.88671875
2016-01-01 12:00:00,46199.5,5612.48046875
2016-01-01 13:00:00,45488.5,4098.65625
2016-01-01 14:00:00,45338.5,2789.84765625
2016-01-01 15:00:00,46020.25,861.38671875
2016-01-01 16:00:00,48631.0,-631.015625
2016-01-01 17:00:00,52169.0,503.734375
2016-01-01 18:00:00,52797.25,141.37109375
2016-01-01 19:00:00,51298.75,868.11328125
2016-01-01 20:00:00,49284.75,1486.828125
2016-01-01 21:00:00,47752.5,1002.69140625
2016-01-01 22:00:00,47393.25,1023.28125
2016-01-01 23:00:00,44163.0,-1135.1796875
2016-01-02 00:00:00,40932.5,-1266.0390625
2016-01-02 01:00:00,38946.5,306.484375
2016-01-02 02:00:00,38158.5,249.66015625
2016-01-02 03:00:00,37844.5,-487.53125
2016-01-02 04:00:00,38761.5,629.9296875
2016-01-02 05:00:00,39661.75,130.9453125
2016-01-02 06:00:00,40625.5,-678.94140625
2016-01-02 07:00:00,43705.75,868.953125
2016-01-02 08:00:00,47548.5,1912.421875
2016-01-02 09:00:00,51254.5,2565.69140625
2016-01-02 10:00:00,53798.5,713.0078125
2016-01-02 11:00:00,55752.25,1296.2109375
2016-01-02 12:00:00,56315.75,1723.5234375
2016-01-02 13:00:00,55552.75,1394.3125
2016-01-02 14:00:00,54969.75,1800.6328125
2016-01-02 15:00:00,55152.0,1076.65625
2016-01-02 16:00:00,57045.75,390.74609375
2016-01-02 17:00:00,60059.75,1204.51171875
2016-01-02 18:00:00,60431.25,1026.6328125
2016-01-02 19:00:00,58884.0,1807.17578125
2016-01-02 20:00:00,55174.25,304.5625
2016-01-02 21:00:00,52626.0,-535.95703125
2016-01-02 22:00:00,52114.5,2450.30859375
2016-01-02 23:00:00,49025.5,1031.80859375
2016-01-03 00:00:00,45832.5,300.328125
2016-01-03 01:00:00,43141.75,-23.67578125
2016-01-03 02:00:00,41809.5,-46.34375
2016-01-03 03:00:00,41299.25,-529.37109375
2016-01-03 04:00:00,41359.25,187.72265625
2016-01-03 05:00:00,41036.25,-1238.609375
2016-01-03 06:00:00,40391.0,-2506.72265625
2016-01-03 07:00:00,42025.75,-909.19921875
2016-01-03 08:00:00,44714.25,-360.01953125
2016-01-03 09:00:00,48107.5,-562.921875
2016-01-03 10:00:00,51113.0,-408.51171875
2016-01-03 11:00:00,54048.25,-166.94140625
2016-01-03 12:00:00,54315.25,-1280.828125
2016-01-03 13:00:00,52856.0,-1449.8515625
2016-01-03 14:00:00,51276.75,-1441.671875
2016-01-03 15:00:00,50848.75,-1435.55078125
2016-01-03 16:00:00,53166.0,-1446.8125
2016-01-03 17:00:00,57296.0,-40.8125
2016-01-03 18:00:00,57888.5,-2165.6875
2016-01-03 19:00:00,56793.5,-564.55859375
2016-01-03 20:00:00,54613.75,-906.4453125
2016-01-03 21:00:00,52918.5,-2723.21484375
2016-01-03 22:00:00,52606.75,-226.62109375
2016-01-03 23:00:00,49547.75,-2402.7578125
2016-01-04 00:00:00,46864.25,143.265625
2016-01-04 01:00:00,44952.25,108.96484375
2016-01-04 02:00:00,43773.5,-528.7265625
2016-01-04 03:00:00,43858.25,-152.28515625
2016-01-04 04:00:00,45447.75,994.984375
2016-01-04 05:00:00,48595.0,3777.1640625
2016-01-04 06:00:00,54769.25,6424.578125
2016-01-04 07:00:00,60886.0,5515.3125
2016-01-04 08:00:00,64645.0,3035.67578125
2016-01-04 09:00:00,66072.0,133.640625
2016-01-04 10:00:00,67255.75,208.296875
2016-01-04 11:00:00,68614.5,3588.4296875
2016-01-04 12:00:00,68653.25,3531.7890625
2016-01-04 13:00:00,68023.5,3516.484375
2016-01-04 14:00:00,66801.0,4278.22265625
2016-01-04 15:00:00,66266.75,3289.5
2016-01-04 16:00:00,67034.75,23.03125
2016-01-04 17:00:00,70706.75,2485.046875
2016-01-04 18:00:00,70768.25,3319.3125
2016-01-04 19:00:00,68949.5,3301.3125
2016-01-04 20:00:00,64676.5,2223.6875
2016-01-04 21:00:00,61587.25,681.3828125
2016-01-04 22:00:00,59319.75,1380.24609375
2016-01-04 23:00:00,55200.25,339.1796875
2016-01-05 00:00:00,52053.25,207.703125
2016-01-05 01:00:00,49741.0,-369.50390625
2016-01-05 02:00:00,48433.5,-1449.2109375
2016-01-05 03:00:00,48902.0,-292.44140625
2016-01-05 04:00:00,49553.25,-38.4453125
2016-01-05 05:00:00,52538.5,1908.265625
2016-01-05 06:00:00,58196.75,2898.53125
2016-01-05 07:00:00,63923.25,2614.9296875
2016-01-05 08:00:00,66976.75,-795.6640625
2016-01-05 09:00:00,67694.75,-2278.828125
2016-01-05 10:00:00,68753.5,-661.328125
2016-01-05 11:00:00,69993.25,302.4765625
2016-01-05 12:00:00,70017.0,1627.21875
2016-01-05 13:00:00,69089.5,999.0859375
2016-01-05 14:00:00,68327.25,746.1640625
2016-01-05 15:00:00,68020.25,-425.765625
2016-01-05 16:00:00,69106.75,-330.5390625
2016-01-05 17:00:00,71862.75,457.609375
2016-01-05 18:00:00,71581.25,-669.765625
2016-01-05 19:00:00,69763.75,724.0625
2016-01-05 20:00:00,65609.5,41.8828125
2016-01-05 21:00:00,62128.0,-473.1328125
2016-01-05 22:00:00,59354.5,-474.7421875
2016-01-05 23:00:00,55038.75,-472.4296875
2016-01-06 00:00:00,52151.25,801.234375
2016-01-06 01:00:00,50053.25,-401.05859375
2016-01-06 02:00:00,48845.75,-683.74609375
2016-01-06 03:00:00,48738.5,-760.94921875
2016-01-06 04:00:00,49720.0,75.27734375
2016-01-06 05:00:00,51362.75,-438.04296875
2016-01-06 06:00:00,55162.0,488.953125
2016-01-06 07:00:00,60182.75,676.625
2016-01-06 08:00:00,63015.25,-1427.0
2016-01-06 09:00:00,64050.0,-1674.578125
2016-01-06 10:00:00,65568.25,-43.90625
2016-01-06 11:00:00,67443.5,475.3984375
2016-01-06 12:00:00,67090.0,-1364.34375
2016-01-06 13:00:00,65702.5,-749.234375
2016-01-06 14:00:00,64479.0,-174.078125
2016-01-06 15:00:00,64129.5,-915.1484375
2016-01-06 16:00:00,65889.0,-224.5
2016-01-06 17:00:00,68980.5,-217.0625
2016-01-06 18:00:00,68914.25,-1911.484375
2016-01-06 19:00:00,67184.0,257.90625
2016-01-06 20:00:00,63539.75,-1002.6015625
2016-01-06 21:00:00,60652.75,-1210.9609375
2016-01-06 22:00:00,58711.75,-5.109375
2016-01-06 23:00:00,54737.5,-1917.76953125
2016-01-07 00:00:00,51721.0,-564.3359375
2016-01-07 01:00:00,49479.0,-148.3984375
2016-01-07 02:00:00,48291.75,-1118.75390625
2016-01-07 03:00:00,48345.25,-650.78125
2016-01-07 04:00:00,50100.5,1497.6640625
2016-01-07 05:00:00,53620.75,1335.5703125
2016-01-07 06:00:00,61083.25,3957.3046875
2016-01-07 07:00:00,67590.5,3524.33203125
2016-01-07 08:00:00,70299.5,0.3671875
2016-01-07 09:00:00,70303.75,-1657.2578125
2016-01-07 10:00:00,70282.75,94.765625
2016-01-07 11:00:00,72113.25,2705.1640625
2016-01-07 12:00:00,72112.5,2144.625
2016-01-07 13:00:00,71591.0,2194.96875
2016-01-07 14:00:00,70997.25,2008.875
2016-01-07 15:00:00,70794.0,2473.34375
2016-01-07 16:00:00,71425.75,652.5703125
2016-01-07 17:00:00,74199.5,1742.578125
2016-01-07 18:00:00,73782.75,1783.203125
2016-01-07 19:00:00,71393.5,2695.3125
2016-01-07 20:00:00,67458.25,1689.390625
2016-01-07 21:00:00,63779.75,1590.76171875
2016-01-07 22:00:00,61360.75,2905.359375
2016-01-07 23:00:00,56772.75,1472.625
2016-01-08 00:00:00,53532.5,-74.16015625
2016-01-08 01:00:00,51434.0,269.5546875
2016-01-08 02:00:00,50044.0,29.0078125
2016-01-08 03:00:00,50199.0,194.65625
2016-01-08 04:00:00,51459.75,986.0859375
2016-01-08 05:00:00,54567.0,1239.77734375
2016-01-08 06:00:00,62656.25,4537.1875
2016-01-08 07:00:00,69177.5,2423.2109375
2016-01-08 08:00:00,71473.25,-4.6875
2016-01-08 09:00:00,70917.25,-1399.859375
2016-01-08 10:00:00,70569.25,-1660.390625
2016-01-08 11:00:00,71093.5,910.5
2016-01-08 12:00:00,70660.5,-64.6875
2016-01-08 13:00:00,69474.0,-292.625
2016-01-08 14:00:00,67869.5,-841.046875
2016-01-08 15:00:00,66990.25,-761.375
2016-01-08 16:00:00,68070.0,-110.953125
2016-01-08 17:00:00,71333.25,919.6015625
2016-01-08 18:00:00,70929.5,-2709.59375
2016-01-08 19:00:00,68905.0,-1093.53125
2016-01-08 20:00:00,64386.5,-1570.5625
2016-01-08 21:00:00,60856.5,-782.984375
2016-01-08 22:00:00,58489.5,693.90625
2016-01-08 23:00:00,54399.0,-2348.5234375
2016-01-09 00:00:00,51343.25,-111.3984375
2016-01-09 01:00:00,49310.25,-513.64453125
2016-01-09 02:00:00,47924.5,-1102.12890625
2016-01-09 03:00:00,47211.25,-1137.26171875
2016-01-09 04:00:00,47038.5,-2123.7578125
2016-01-09 05:00:00,46984.5,-2881.9453125
2016-01-09 06:00:00,47127.0,-4973.9609375
2016-01-09 07:00:00,49695.5,-2018.71484375
2016-01-09 08:00:00,53381.0,-818.87890625
2016-01-09 09:00:00,56834.5,-90.91015625
2016-01-09 10:00:00,58502.0,-2444.8984375
2016-01-09 11:00:00,59998.5,-1982.09375
2016-01-09 12:00:00,59335.0,-2460.65625
2016-01-09 13:00:00,57090.5,-2688.23828125
2016-01-09 14:00:00,55845.5,-1120.6328125
2016-01-09 15:00:00,55918.0,-1779.25
2016-01-09 16:00:00,57408.25,-2961.1328125
2016-01-09 17:00:00,61771.0,441.0
2016-01-09 18:00:00,62274.0,-1698.0390625
2016-01-09 19:00:00,60331.25,-1869.48046875
2016-01-09 20:00:00,56412.25,-2361.875
2016-01-09 21:00:00,54118.0,-1193.6171875
2016-01-09 22:00:00,53653.25,250.78125
2016-01-09 23:00:00,50700.5,-1645.34375
2016-01-10 00:00:00,46517.5,-983.7109375
2016-01-10 01:00:00,44645.5,-719.7734375
2016-01-10 02:00:00,43503.5,287.83984375
2016-01-10 03:00:00,43221.25,3183.45703125
2016-01-10 04:00:00,43262.25,2550.796875
2016-01-10 05:00:00,42601.25,-1584.4609375
2016-01-10 06:00:00,42054.0,-5438.2109375
2016-01-10 07:00:00,44120.25,-4681.984375
2016-01-10 08:00:00,47699.25,219.34375
2016-01-10 09:00:00,51257.5,4162.6015625
2016-01-10 10:00:00,53703.75,3894.96875
2016-01-10 11:00:00,56190.75,3024.89453125
2016-01-10 12:00:00,55771.25,211.65234375
2016-01-10 13:00:00,54115.5,-848.421875
2016-01-10 14:00:00,52878.0,-1202.7109375
2016-01-10 15:00:00,52796.75,-437.16796875
2016-01-10 16:00:00,54302.5,-1227.6796875
2016-01-10 17:00:00,58498.25,1190.0
2016-01-10 18:00:00,59470.75,614.671875
2016-01-10 19:00:00,58151.0,436.70703125
2016-01-10 20:00:00,55740.25,44.6171875
2016-01-10 21:00:00,53817.75,666.0703125
2016-01-10 22:00:00,53723.75,1831.38671875
2016-01-10 23:00:00,49955.75,-804.2109375
2016-01-11 00:00:00,47167.75,112.46875
2016-01-11 01:00:00,45335.0,543.1796875
2016-01-11 02:00:00,44355.75,-1118.09375
2016-01-11 03:00:00,45420.25,342.4140625
2016-01-11 04:00:00,46865.0,-80.7109375
2016-01-11 05:00:00,51245.75,2397.421875
2016-01-11 06:00:00,60681.5,5725.4921875
2016-01-11 07:00:00,68403.75,2983.04296875
2016-01-11 08:00:00,71461.25,-1397.734375
2016-01-11 09:00:00,76649.0,3161.890625
2016-01-11 10:00:00,79285.0,1679.734375
2016-01-11 11:00:00,76918.75,-3388.625
2016-01-11 12:00:00,73532.25,-3637.4609375
2016-01-11 13:00:00,73238.5,2731.53125
2016-01-11 14:00:00,72126.75,1411.609375
2016-01-11 15:00:00,71465.5,-2131.9453125
2016-01-11 16:00:00,71921.0,-1274.3125
2016-01-11 17:00:00,74461.0,-340.203125
2016-01-11 18:00:00,73984.25,-1209.921875
2016-01-11 19:00:00,71817.5,-80.3359375
2016-01-11 20:00:00,67592.0,-682.53125
2016-01-11 21:00:00,64061.75,-1959.4765625
2016-01-11 22:00:00,61588.5,653.2890625
2016-01-11 23:00:00,56243.0,-2359.03125
2016-01-12 00:00:00,52696.25,574.78515625
2016-01-12 01:00:00,50375.5,576.98828125
2016-01-12 02:00:00,49592.25,-967.2734375
2016-01-12 03:00:00,50002.25,708.6328125
2016-01-12 04:00:00,51203.75,1160.7265625
2016-01-12 05:00:00,54734.0,265.92578125
2016-01-12 06:00:00,63021.25,5055.328125
2016-01-12 07:00:00,70479.75,7080.625
2016-01-12 08:00:00,73110.5,852.078125
2016-01-12 09:00:00,72979.75,-3529.0
2016-01-12 10:00:00,73507.0,376.4375
2016-01-12 11:00:00,74053.75,1528.828125
2016-01-12 12:00:00,73276.5,531.515625
2016-01-12 13:00:00,72883.75,2464.828125
2016-01-12 14:00:00,71968.0,2404.96875
2016-01-12 15:00:00,71214.5,781.9765625
2016-01-12 16:00:00,71553.75,-6.109375
2016-01-12 17:00:00,74867.25,2294.1328125
2016-01-12 18:00:00,74670.75,839.640625
2016-01-12 19:00:00,72757.25,1282.8984375
2016-01-12 20:00:00,68506.0,1431.5625
2016-01-12 21:00:00,64735.25,1148.3984375
2016-01-12 22:00:00,61619.5,1447.2421875
2016-01-12 23:00:00,57065.5,1011.12890625
2016-01-13 00:00:00,53304.25,-762.625
2016-01-13 01:00:00,51351.5,-375.6640625
2016-01-13 02:00:00,50408.0,930.91015625
2016-01-13 03:00:00,50607.0,1151.390625
2016-01-13 04:00:00,52219.5,2779.80078125
2016-01-13 05:00:00,55692.0,2697.58203125
2016-01-13 06:00:00,63964.5,5358.203125
2016-01-13 07:00:00,71116.5,4210.921875
2016-01-13 08:00:00,73810.0,1085.71875
2016-01-13 09:00:00,73690.0,-2121.7421875
2016-01-13 10:00:00,74042.25,-375.96875
2016-01-13 11:00:00,75120.25,236.7890625
2016-01-13 12:00:00,74144.5,-925.078125
2016-01-13 13:00:00,73669.5,316.5703125
2016-01-13 14:00:00,72483.5,145.8125
2016-01-13 15:00:00,72489.25,1883.234375
2016-01-13 16:00:00,72705.5,-422.3125
2016-01-13 17:00:00,75190.75,-235.765625
2016-01-13 18:00:00,74597.0,-2066.90625
2016-01-13 19:00:00,72414.0,-726.078125
2016-01-13 20:00:00,68020.0,-1046.15625
2016-01-13 21:00:00,64586.25,1003.21875
2016-01-13 22:00:00,61581.75,291.9296875
2016-01-13 23:00:00,57170.25,-623.9921875
2016-01-14 00:00:00,53672.75,601.3125
2016-01-14 01:00:00,51675.0,272.3203125
2016-01-14 02:00:00,50935.5,-764.79296875
2016-01-14 03:00:00,51260.75,-104.16796875
2016-01-14 04:00:00,52426.25,734.62890625
2016-01-14 05:00:00,55254.5,-815.2109375
2016-01-14 06:00:00,63276.25,2550.26171875
2016-01-14 07:00:00,70471.0,2343.703125
2016-01-14 08:00:00,73020.25,-823.875
2016-01-14 09:00:00,71912.75,-2721.140625
2016-01-14 10:00:00,72065.75,-364.671875
2016-01-14 11:00:00,72270.25,626.1171875
2016-01-14 12:00:00,71874.75,-516.21875
2016-01-14 13:00:00,71857.5,1062.3515625
2016-01-14 14:00:00,71450.75,651.1796875
2016-01-14 15:00:00,70801.25,-721.6484375
2016-01-14 16:00:00,71334.75,-553.078125
2016-01-14 17:00:00,74615.75,1654.7578125
2016-01-14 18:00:00,74703.25,-381.0703125
2016-01-14 19:00:00,72990.75,900.546875
2016-01-14 20:00:00,68557.75,82.9296875
2016-01-14 21:00:00,65192.5,410.8671875
2016-01-14 22:00:00,62410.25,659.703125
2016-01-14 23:00:00,57914.25,-866.0390625
2016-01-15 00:00:00,54461.5,379.70703125
2016-01-15 01:00:00,52359.0,418.2734375
2016-01-15 02:00:00,51199.5,-887.296875
2016-01-15 03:00:00,51560.25,26.63671875
2016-01-15 04:00:00,52777.25,1118.38671875
2016-01-15 05:00:00,55816.25,160.390625
2016-01-15 06:00:00,63753.5,1947.9765625
2016-01-15 07:00:00,70842.75,2027.5
2016-01-15 08:00:00,73687.25,-110.4609375
2016-01-15 09:00:00,73666.75,-1484.984375
2016-01-15 10:00:00,74062.25,675.296875
2016-01-15 11:00:00,74677.25,396.921875
2016-01-15 12:00:00,74106.0,-210.984375
2016-01-15 13:00:00,73104.0,56.484375
2016-01-15 14:00:00,72212.0,629.9375
2016-01-15 15:00:00,71035.5,-925.078125
2016-01-15 16:00:00,71252.5,-1206.296875
2016-01-15 17:00:00,73343.75,165.84375
2016-01-15 18:00:00,72632.75,-1584.28125
2016-01-15 19:00:00,70465.5,301.9453125
2016-01-15 20:00:00,66125.0,-7.21875
2016-01-15 21:00:00,62755.75,-441.58984375
2016-01-15 22:00:00,60676.5,557.4296875
2016-01-15 23:00:00,56610.25,-425.78125
2016-01-16 00:00:00,53500.5,742.1953125
2016-01-16 01:00:00,51183.75,253.94921875
2016-01-16 02:00:00,50111.25,-808.72265625
2016-01-16 03:00:00,49360.5,-1442.4296875
2016-01-16 04:00:00,48838.0,-1243.921875
2016-01-16 05:00:00,48577.0,-3768.48046875
2016-01-16 06:00:00,48988.0,-5106.8828125
2016-01-16 07:00:00,51978.25,-2728.640625
2016-01-16 08:00:00,55580.5,-413.0390625
2016-01-16 09:00:00,59627.5,2687.32421875
2016-01-16 10:00:00,61404.25,1021.734375
2016-01-16 11:00:00,62029.25,-523.578125
2016-01-16 12:00:00,61906.0,-1023.078125
2016-01-16 13:00:00,59975.75,-1468.4609375
2016-01-16 14:00:00,58469.75,-1236.0546875
2016-01-16 15:00:00,58250.0,-691.55859375
2016-01-16 16:00:00,59674.75,-954.09375
2016-01-16 17:00:00,63608.25,-686.8984375
2016-01-16 18:00:00,64550.5,109.0625
2016-01-16 19:00:00,62376.25,-292.01953125
2016-01-16 20:00:00,58527.75,-445.09375
2016-01-16 21:00:00,56243.0,-169.8046875
2016-01-16 22:00:00,55330.25,-331.86328125
2016-01-16 23:00:00,52356.75,442.8984375
2016-01-17 00:00:00,49388.0,2451.3359375
2016-01-17 01:00:00,47486.0,2505.25
2016-01-17 02:00:00,46040.75,1227.2265625
2016-01-17 03:00:00,45296.0,391.0078125
2016-01-17 04:00:00,45125.0,-724.796875
2016-01-17 05:00:00,44514.25,-3730.72265625
2016-01-17 06:00:00,43415.0,-7287.8984375
2016-01-17 07:00:00,45618.5,-4010.87890625
2016-01-17 08:00:00,48905.75,-492.87890625
2016-01-17 09:00:00,52423.25,2911.5
2016-01-17 10:00:00,55218.75,4336.65234375
2016-01-17 11:00:00,57997.75,4422.5078125
2016-01-17 12:00:00,57784.0,1752.3203125
2016-01-17 13:00:00,55391.5,-658.3046875
2016-01-17 14:00:00,53968.75,-412.3203125
2016-01-17 15:00:00,53653.75,-326.1484375
2016-01-17 16:00:00,54755.25,473.5234375
2016-01-17 17:00:00,59936.75,3975.15625
2016-01-17 18:00:00,61811.5,1591.5078125
2016-01-17 19:00:00,60664.75,1697.4140625
2016-01-17 20:00:00,57908.75,1620.125
2016-01-17 21:00:00,56411.0,1505.03515625
2016-01-17 22:00:00,56782.0,1059.921875
2016-01-17 23:00:00,54384.25,-10.29296875
2016-01-18 00:00:00,51878.25,-585.45703125
2016-01-18 01:00:00,50330.75,-603.46484375
2016-01-18 02:00:00,49701.5,-1832.453125
2016-01-18 03:00:00,49871.75,-684.44140625
2016-01-18 04:00:00,51583.5,568.734375
2016-01-18 05:00:00,55654.25,-130.2578125
2016-01-18 06:00:00,64638.75,3136.4296875
2016-01-18 07:00:00,71790.25,2894.4375
2016-01-18 08:00:00,74298.5,-290.734375
2016-01-18 09:00:00,74080.5,-1084.71875
2016-01-18 10:00:00,74654.5,629.1484375
2016-01-18 11:00:00,74980.5,771.0703125
2016-01-18 12:00:00,73952.5,-41.0390625
2016-01-18 13:00:00,73421.5,715.46875
2016-01-18 14:00:00,72349.0,750.171875
2016-01-18 15:00:00,71888.0,401.875
2016-01-18 16:00:00,72140.0,-405.7890625
2016-01-18 17:00:00,76102.0,1998.0390625
2016-01-18 18:00:00,76541.5,140.84375
2016-01-18 19:00:00,75146.75,645.296875
2016-01-18 20:00:00,71309.0,1019.9609375
2016-01-18 21:00:00,67989.25,262.40625
2016-01-18 22:00:00,65622.0,-4.71875
2016-01-18 23:00:00,61396.25,-568.046875
2016-01-19 00:00:00,58387.0,456.75
2016-01-19 01:00:00,56561.5,-103.66796875
2016-01-19 02:00:00,55398.25,-1853.64453125
2016-01-19 03:00:00,54931.0,-1242.9765625
2016-01-19 04:00:00,55948.0,-18.59765625
2016-01-19 05:00:00,58951.0,-90.2890625
2016-01-19 06:00:00,66495.25,2411.17578125
2016-01-19 07:00:00,73545.75,1416.4140625
2016-01-19 08:00:00,75129.0,-2213.75
2016-01-19 09:00:00,75133.75,-859.9453125
2016-01-19 10:00:00,75729.75,-1394.65625
2016-01-19 11:00:00,75794.75,42.109375
2016-01-19 12:00:00,74979.5,-222.21875
2016-01-19 13:00:00,74205.75,-65.9609375
2016-01-19 14:00:00,73577.75,660.265625
2016-01-19 15:00:00,73198.0,-649.5625
2016-01-19 16:00:00,73351.75,-886.75
2016-01-19 17:00:00,76791.25,696.171875
2016-01-19 18:00:00,77175.25,-551.765625
2016-01-19 19:00:00,75173.75,128.90625
2016-01-19 20:00:00,71041.75,-162.6328125
2016-01-19 21:00:00,67560.0,-1023.59375
2016-01-19 22:00:00,65291.5,111.9453125
2016-01-19 23:00:00,61178.75,-1054.51953125
2016-01-20 00:00:00,58403.25,1150.96875
2016-01-20 01:00:00,56033.25,-240.03515625
2016-01-20 02:00:00,54942.75,-756.55078125
2016-01-20 03:00:00,54731.5,750.2578125
2016-01-20 04:00:00,55536.25,-1.015625
2016-01-20 05:00:00,58516.5,516.2578125
2016-01-20 06:00:00,66352.75,2633.390625
2016-01-20 07:00:00,73301.75,2012.5234375
2016-01-20 08:00:00,75255.0,-1039.6640625
2016-01-20 09:00:00,75224.75,-536.171875
2016-01-20 10:00:00,75797.25,1398.7734375
2016-01-20 11:00:00,75923.5,336.9609375
2016-01-20 12:00:00,75086.0,-50.203125
2016-01-20 13:00:00,74423.5,819.7265625
2016-01-20 14:00:00,73192.0,590.53125
2016-01-20 15:00:00,72635.25,258.671875
2016-01-20 16:00:00,72748.75,-653.234375
2016-01-20 17:00:00,75816.0,899.921875
2016-01-20 18:00:00,76147.5,205.4140625
2016-01-20 19:00:00,74623.25,344.15625
2016-01-20 20:00:00,70221.75,-128.1484375
2016-01-20 21:00:00,66815.0,111.3984375
2016-01-20 22:00:00,64232.75,166.24609375
2016-01-20 23:00:00,59967.0,-742.5078125
2016-01-21 00:00:00,57270.75,883.40625
2016-01-21 01:00:00,55105.75,-76.85546875
2016-01-21 02:00:00,53720.5,-1276.52734375
2016-01-21 03:00:00,53747.25,433.85546875
2016-01-21 04:00:00,54742.25,1174.85546875
2016-01-21 05:00:00,57900.25,-502.8515625
2016-01-21 06:00:00,65429.75,1422.796875
2016-01-21 07:00:00,72566.25,2006.640625
2016-01-21 08:00:00,74450.5,-2007.3125
2016-01-21 09:00:00,74127.25,-780.8515625
2016-01-21 10:00:00,74978.5,978.7421875
2016-01-21 11:00:00,75174.5,535.8125
2016-01-21 12:00:00,74628.5,-741.65625
2016-01-21 13:00:00,74002.0,769.34375
2016-01-21 14:00:00,73060.75,114.90625
2016-01-21 15:00:00,72406.25,-210.390625
2016-01-21 16:00:00,72203.25,-392.578125
2016-01-21 17:00:00,75810.5,1037.1328125
2016-01-21 18:00:00,76340.0,-97.4140625
2016-01-21 19:00:00,74914.0,657.859375
2016-01-21 20:00:00,70807.0,576.3828125
2016-01-21 21:00:00,67406.5,136.078125
2016-01-21 22:00:00,64927.25,249.32421875
2016-01-21 23:00:00,61022.75,489.69921875
2016-01-22 00:00:00,58527.25,1282.03125
2016-01-22 01:00:00,56658.25,880.8515625
2016-01-22 02:00:00,55066.25,-1987.94921875
2016-01-22 03:00:00,54863.25,-269.6875
2016-01-22 04:00:00,55732.25,177.41015625
2016-01-22 05:00:00,58812.0,-1564.7265625
2016-01-22 06:00:00,66137.75,1004.015625
2016-01-22 07:00:00,73233.5,3172.75
2016-01-22 08:00:00,75204.25,1869.125
2016-01-22 09:00:00,75011.5,-1169.21875
2016-01-22 10:00:00,75100.5,-2848.1796875
2016-01-22 11:00:00,75098.25,-558.671875
2016-01-22 12:00:00,74001.5,-3052.3828125
2016-01-22 13:00:00,72395.5,-575.4375
2016-01-22 14:00:00,71068.75,1038.90625
2016-01-22 15:00:00,70382.5,-1144.9609375
2016-01-22 16:00:00,70530.5,-1126.203125
2016-01-22 17:00:00,74598.75,-199.015625
2016-01-22 18:00:00,74784.75,794.875
2016-01-22 19:00:00,72926.5,545.1953125
2016-01-22 20:00:00,68648.75,-942.8203125
2016-01-22 21:00:00,65350.25,960.625
2016-01-22 22:00:00,64002.25,-1292.359375
2016-01-22 23:00:00,60651.75,-173.59375
2016-01-23 00:00:00,57718.75,446.7109375
2016-01-23 01:00:00,54912.75,-579.34765625
2016-01-23 02:00:00,52749.75,-991.4765625
2016-01-23 03:00:00,51502.5,-1352.1328125
2016-01-23 04:00:00,50584.5,-1218.5859375
2016-01-23 05:00:00,49925.0,-3298.3515625
2016-01-23 06:00:00,50343.0,-6419.51171875
2016-01-23 07:00:00,54049.25,-3898.81640625
2016-01-23 08:00:00,58202.0,-272.0546875
2016-01-23 09:00:00,61870.75,2256.0546875
2016-01-23 10:00:00,64031.5,1634.71875
2016-01-23 11:00:00,64699.0,-598.74609375
2016-01-23 12:00:00,63785.25,-835.25
2016-01-23 13:00:00,61542.75,-2617.8515625
2016-01-23 14:00:00,60010.25,-1392.7734375
2016-01-23 15:00:00,59429.25,-75.8671875
2016-01-23 16:00:00,59931.75,-1511.1796875
2016-01-23 17:00:00,63890.25,-744.609375
2016-01-23 18:00:00,64784.5,-1764.6796875
2016-01-23 19:00:00,62326.25,-683.296875
2016-01-23 20:00:00,58335.0,-1027.17578125
2016-01-23 21:00:00,55802.25,-1576.9921875
2016-01-23 22:00:00,54875.0,-253.8046875
2016-01-23 23:00:00,52035.0,343.07421875
2016-01-24 00:00:00,48994.75,2101.40625
2016-01-24 01:00:00,46773.5,3053.3828125
2016-01-24 02:00:00,45778.25,1548.11328125
2016-01-24 03:00:00,45033.25,-250.09765625
2016-01-24 04:00:00,45040.75,1571.53515625
2016-01-24 05:00:00,45089.75,-2125.0234375
2016-01-24 06:00:00,43774.0,-5273.07421875
2016-01-24 07:00:00,45492.0,-1499.7734375
2016-01-24 08:00:00,49083.75,313.76171875
2016-01-24 09:00:00,52779.5,2374.91015625
2016-01-24 10:00:00,55474.5,1574.421875
2016-01-24 11:00:00,58251.25,2686.1015625
2016-01-24 12:00:00,57600.75,-1524.96875
2016-01-24 13:00:00,55505.0,-3321.7109375
2016-01-24 14:00:00,54274.5,-1625.53125
2016-01-24 15:00:00,53836.5,-2184.08203125
2016-01-24 16:00:00,55176.25,-579.78125
2016-01-24 17:00:00,59654.75,-1936.4140625
2016-01-24 18:00:00,61396.5,-1755.64453125
2016-01-24 19:00:00,59511.25,-2588.5234375
2016-01-24 20:00:00,56632.25,-2857.6484375
2016-01-24 21:00:00,54565.5,-1177.2265625
2016-01-24 22:00:00,55055.0,-1059.27734375
2016-01-24 23:00:00,52289.0,-3598.0625
2016-01-25 00:00:00,49533.0,-1268.0390625
2016-01-25 01:00:00,47595.5,-1277.0703125
2016-01-25 02:00:00,46913.5,-793.50390625
2016-01-25 03:00:00,47006.25,-1756.0078125
2016-01-25 04:00:00,48778.25,-214.5390625
2016-01-25 05:00:00,52694.25,-935.171875
2016-01-25 06:00:00,61717.25,3374.0234375
2016-01-25 07:00:00,69475.25,2879.203125
2016-01-25 08:00:00,71600.0,-22.9140625
2016-01-25 09:00:00,71433.5,-718.0546875
2016-01-25 10:00:00,71442.5,38.921875
2016-01-25 11:00:00,71753.5,-322.40625
2016-01-25 12:00:00,71287.75,-145.0859375
2016-01-25 13:00:00,70750.0,661.6015625
2016-01-25 14:00:00,69436.75,-516.0859375
2016-01-25 15:00:00,68687.0,167.09375
2016-01-25 16:00:00,68323.0,-1765.40625
2016-01-25 17:00:00,72835.0,1667.5
2016-01-25 18:00:00,74068.75,-617.84375
2016-01-25 19:00:00,72660.75,684.3671875
2016-01-25 20:00:00,68015.0,-824.9140625
2016-01-25 21:00:00,64620.0,87.453125
2016-01-25 22:00:00,61838.75,-1272.7578125
2016-01-25 23:00:00,57416.0,-1372.484375
2016-01-26 00:00:00,53064.25,-1649.6953125
2016-01-26 01:00:00,51476.25,-569.3515625
2016-01-26 02:00:00,50978.0,-669.171875
2016-01-26 03:00:00,51065.0,-1106.1015625
2016-01-26 04:00:00,52121.75,841.4375
2016-01-26 05:00:00,55262.0,-637.08203125
2016-01-26 06:00:00,63121.25,1391.4765625
2016-01-26 07:00:00,70516.75,1397.984375
2016-01-26 08:00:00,72216.0,-1862.5390625
2016-01-26 09:00:00,72053.5,-1746.2109375
2016-01-26 10:00:00,72416.5,-480.5
2016-01-26 11:00:00,72713.5,416.953125
2016-01-26 12:00:00,71471.5,-869.6484375
2016-01-26 13:00:00,70821.75,143.953125
2016-01-26 14:00:00,69508.25,-861.953125
2016-01-26 15:00:00,68732.5,-320.234375
2016-01-26 16:00:00,68779.0,-985.859375
2016-01-26 17:00:00,72837.25,1018.5625
2016-01-26 18:00:00,73942.5,-318.5
2016-01-26 19:00:00,72827.5,1008.15625
2016-01-26 20:00:00,68789.75,465.28125
2016-01-26 21:00:00,64881.5,-794.40625
2016-01-26 22:00:00,62111.25,-188.140625
2016-01-26 23:00:00,57096.0,-996.078125
2016-01-27 00:00:00,53882.25,529.3984375
2016-01-27 01:00:00,51290.25,-123.69140625
2016-01-27 02:00:00,50171.0,-38.5078125
2016-01-27 03:00:00,50574.5,1178.2421875
2016-01-27 04:00:00,52311.5,2051.4765625
2016-01-27 05:00:00,55713.0,306.34765625
2016-01-27 06:00:00,63586.75,3089.484375
2016-01-27 07:00:00,70580.5,2511.890625
2016-01-27 08:00:00,72925.0,-119.09375
2016-01-27 09:00:00,73043.5,-1029.96875
2016-01-27 10:00:00,73579.0,164.78125
2016-01-27 11:00:00,73983.75,-862.1875
2016-01-27 12:00:00,73882.25,1103.78125
2016-01-27 13:00:00,73090.5,1909.4921875
2016-01-27 14:00:00,71359.0,-1080.3515625
2016-01-27 15:00:00,70543.25,-571.0859375
2016-01-27 16:00:00,69795.0,-1790.21875
2016-01-27 17:00:00,73387.0,-661.09375
2016-01-27 18:00:00,74231.0,150.8515625
2016-01-27 19:00:00,72128.75,296.4453125
2016-01-27 20:00:00,68097.0,-170.1328125
2016-01-27 21:00:00,64875.5,258.5234375
2016-01-27 22:00:00,61758.75,-1898.640625
2016-01-27 23:00:00,57017.75,-814.3359375
2016-01-28 00:00:00,52777.75,1134.3359375
2016-01-28 01:00:00,50569.25,413.234375
2016-01-28 02:00:00,49401.5,-269.9921875
2016-01-28 03:00:00,49469.25,1933.3828125
2016-01-28 04:00:00,50762.25,2307.4921875
2016-01-28 05:00:00,54372.75,2179.25
2016-01-28 06:00:00,63130.5,4341.60546875
2016-01-28 07:00:00,70638.25,4037.6015625
2016-01-28 08:00:00,72656.0,939.6171875
2016-01-28 09:00:00,72371.75,198.7578125
2016-01-28 10:00:00,72873.5,1325.8359375
2016-01-28 11:00:00,72993.75,1444.796875
2016-01-28 12:00:00,71927.75,807.4375
2016-01-28 13:00:00,71043.5,2114.859375
2016-01-28 14:00:00,69980.0,1217.078125
2016-01-28 15:00:00,69468.0,1413.4140625
2016-01-28 16:00:00,69000.0,-1278.0
2016-01-28 17:00:00,72432.0,1578.0625
2016-01-28 18:00:00,73692.5,1657.296875
2016-01-28 19:00:00,71787.0,970.453125
2016-01-28 20:00:00,67762.5,844.375
2016-01-28 21:00:00,63949.75,371.578125
2016-01-28 22:00:00,61143.75,256.9609375
2016-01-28 23:00:00,56368.25,-577.90625
2016-01-29 00:00:00,52685.25,210.50390625
2016-01-29 01:00:00,50830.5,1303.36328125
2016-01-29 02:00:00,50289.25,231.5234375
2016-01-29 03:00:00,50439.25,301.1015625
2016-01-29 04:00:00,51512.0,1201.87890625
2016-01-29 05:00:00,55040.25,1150.8515625
2016-01-29 06:00:00,62407.25,1150.03515625
2016-01-29 07:00:00,69215.0,1084.3046875
2016-01-29 08:00:00,71570.0,-598.6171875
2016-01-29 09:00:00,71442.25,-667.953125
2016-01-29 10:00:00,71851.25,269.3828125
2016-01-29 11:00:00,72737.5,918.078125
2016-01-29 12:00:00,72039.75,835.078125
2016-01-29 13:00:00,70317.5,-937.328125
2016-01-29 14:00:00,68734.0,-220.390625
2016-01-29 15:00:00,68001.25,442.453125
2016-01-29 16:00:00,68562.25,246.125
2016-01-29 17:00:00,72222.25,1026.125
2016-01-29 18:00:00,72917.25,-266.0625
2016-01-29 19:00:00,70314.5,-187.09375
2016-01-29 20:00:00,65422.5,-137.875
2016-01-29 21:00:00,62294.5,970.62109375
2016-01-29 22:00:00,59766.5,1226.421875
2016-01-29 23:00:00,55572.25,-21.6015625
2016-01-30 00:00:00,52107.0,718.40625
2016-01-30 01:00:00,49767.25,745.91796875
2016-01-30 02:00:00,48358.0,258.0703125
2016-01-30 03:00:00,48080.75,761.765625
2016-01-30 04:00:00,48419.0,926.3203125
2016-01-30 05:00:00,48436.0,-2283.61328125
2016-01-30 06:00:00,49625.0,-4251.12890625
2016-01-30 07:00:00,53506.5,-2969.3671875
2016-01-30 08:00:00,57315.75,371.4453125
2016-01-30 09:00:00,60515.75,2008.01171875
2016-01-30 10:00:00,62599.0,982.640625
2016-01-30 11:00:00,63552.5,334.046875
2016-01-30 12:00:00,62523.5,16.484375
2016-01-30 13:00:00,60382.25,-148.55859375
2016-01-30 14:00:00,58594.0,-473.53515625
2016-01-30 15:00:00,58427.25,1515.28515625
2016-01-30 16:00:00,59268.0,1850.1484375
2016-01-30 17:00:00,62525.0,1376.5625
2016-01-30 18:00:00,63170.0,-640.27734375
2016-01-30 19:00:00,61246.0,803.421875
2016-01-30 20:00:00,57340.25,1856.890625
2016-01-30 21:00:00,55058.5,1276.2734375
2016-01-30 22:00:00,54105.75,1679.11328125
2016-01-30 23:00:00,50691.25,1497.38671875
2016-01-31 00:00:00,48194.75,547.2421875
2016-01-31 01:00:00,45645.25,841.0390625
2016-01-31 02:00:00,44863.5,1769.3984375
2016-01-31 03:00:00,44562.75,2824.50390625
2016-01-31 04:00:00,44192.25,2358.76171875
2016-01-31 05:00:00,43736.0,-816.8359375
2016-01-31 06:00:00,42968.75,-5413.265625
2016-01-31 07:00:00,45337.5,-6569.7265625
2016-01-31 08:00:00,48326.0,-1522.96875
2016-01-31 09:00:00,52086.25,2233.61328125
2016-01-31 10:00:00,55194.0,3587.80859375
2016-01-31 11:00:00,57441.75,697.78125
2016-01-31 12:00:00,56968.5,-2043.56640625
2016-01-31 13:00:00,54937.0,-3052.80078125
2016-01-31 14:00:00,54204.25,-1592.6953125
2016-01-31 15:00:00,53285.5,981.58203125
2016-01-31 16:00:00,53659.25,544.9140625
2016-01-31 17:00:00,57479.0,2661.171875
2016-01-31 18:00:00,58661.75,625.8046875
2016-01-31 19:00:00,57260.5,-122.734375
2016-01-31 20:00:00,54934.25,-15.96875
2016-01-31 21:00:00,53299.25,-150.515625
2016-01-31 22:00:00,52716.5,59.09375
2016-01-31 23:00:00,49240.0,-3244.2734375
2016-02-01 00:00:00,46774.5,283.91796875
2016-02-01 01:00:00,45230.75,-363.546875
2016-02-01 02:00:00,44564.75,-2479.90625
2016-02-01 03:00:00,45228.25,-871.93359375
2016-02-01 04:00:00,47237.5,-370.19921875
2016-02-01 05:00:00,51571.0,286.2578125
2016-02-01 06:00:00,60945.0,3678.84765625
2016-02-01 07:00:00,68252.75,1796.59375
2016-02-01 08:00:00,70733.5,469.796875
2016-02-01 09:00:00,71132.5,-172.6640625
2016-02-01 10:00:00,72619.0,1604.875
2016-02-01 11:00:00,74402.5,2579.78125
2016-02-01 12:00:00,74383.25,1323.5234375
2016-02-01 13:00:00,74326.25,1877.859375
2016-02-01 14:00:00,73482.0,1933.78125
2016-02-01 15:00:00,72294.25,1116.6171875
2016-02-01 16:00:00,71448.75,399.2421875
2016-02-01 17:00:00,74464.5,1831.9375
2016-02-01 18:00:00,75266.5,865.4140625
2016-02-01 19:00:00,73149.25,1251.953125
2016-02-01 20:00:00,68585.75,987.3046875
2016-02-01 21:00:00,64947.5,1327.5078125
2016-02-01 22:00:00,61941.5,508.6484375
2016-02-01 23:00:00,56401.0,-1308.390625
2016-02-02 00:00:00,52638.75,-1202.83984375
2016-02-02 01:00:00,50379.25,-1877.30859375
2016-02-02 02:00:00,49184.5,-702.44921875
2016-02-02 03:00:00,49700.75,831.2578125
2016-02-02 04:00:00,51451.75,865.296875
2016-02-02 05:00:00,55452.0,-380.1875
2016-02-02 06:00:00,63744.5,953.59375
2016-02-02 07:00:00,70767.75,1211.4375
2016-02-02 08:00:00,73110.25,-1832.90625
2016-02-02 09:00:00,73340.5,-574.375
2016-02-02 10:00:00,74255.75,562.375
2016-02-02 11:00:00,75341.5,-777.6875
2016-02-02 12:00:00,74596.75,-1849.875
2016-02-02 13:00:00,73559.5,-311.0625
2016-02-02 14:00:00,72495.25,-720.890625
2016-02-02 15:00:00,71883.0,-942.984375
2016-02-02 16:00:00,70935.75,-3085.4453125
2016-02-02 17:00:00,73314.0,-1450.09375
2016-02-02 18:00:00,74594.5,-510.28125
2016-02-02 19:00:00,72775.25,-1710.0390625
2016-02-02 20:00:00,68453.5,-1087.890625
2016-02-02 21:00:00,65078.75,115.578125
2016-02-02 22:00:00,61955.0,-1120.015625
2016-02-02 23:00:00,56881.0,-1532.8359375
2016-02-03 00:00:00,53175.5,683.8203125
2016-02-03 01:00:00,51526.5,1263.5859375
2016-02-03 02:00:00,50572.75,421.76953125
2016-02-03 03:00:00,50918.5,1109.890625
2016-02-03 04:00:00,52514.0,2403.7421875
2016-02-03 05:00:00,56121.0,935.890625
2016-02-03 06:00:00,63890.5,2178.5
2016-02-03 07:00:00,70806.0,1116.4140625
2016-02-03 08:00:00,72959.75,-404.484375
2016-02-03 09:00:00,72838.75,-338.15625
2016-02-03 10:00:00,73469.0,892.390625
2016-02-03 11:00:00,74317.25,586.2578125
2016-02-03 12:00:00,73628.0,97.734375
2016-02-03 13:00:00,72826.0,-577.640625
2016-02-03 14:00:00,71691.25,242.5625
2016-02-03 15:00:00,70851.0,805.25
2016-02-03 16:00:00,69769.5,-1597.6953125
2016-02-03 17:00:00,72667.25,-78.7265625
2016-02-03 18:00:00,74832.5,861.6875
2016-02-03 19:00:00,72783.25,-148.125
2016-02-03 20:00:00,68141.25,-856.75
2016-02-03 21:00:00,64689.75,864.1796875
2016-02-03 22:00:00,61954.0,157.8828125
2016-02-03 23:00:00,57533.5,-441.80078125
2016-02-04 00:00:00,54027.25,-2428.09375
2016-02-04 01:00:00,52061.25,-687.09765625
2016-02-04 02:00:00,51152.0,-1630.48828125
2016-02-04 03:00:00,51093.75,-533.6328125
2016-02-04 04:00:00,52335.25,1565.19140625
2016-02-04 05:00:00,55726.5,500.17578125
2016-02-04 06:00:00,63664.5,1166.66796875
2016-02-04 07:00:00,70499.75,2652.6796875
2016-02-04 08:00:00,72291.5,1293.4375
2016-02-04 09:00:00,72871.25,-414.703125
2016-02-04 10:00:00,73591.5,-445.109375
2016-02-04 11:00:00,74452.75,278.9375
2016-02-04 12:00:00,73985.75,-34.1484375
2016-02-04 13:00:00,73629.75,-113.6953125
2016-02-04 14:00:00,72310.75,328.4921875
2016-02-04 15:00:00,71612.5,2111.109375
2016-02-04 16:00:00,70406.5,65.6875
2016-02-04 17:00:00,72734.5,-529.109375
2016-02-04 18:00:00,73714.0,-764.875
2016-02-04 19:00:00,71919.0,681.375
2016-02-04 20:00:00,67217.0,-832.2421875
2016-02-04 21:00:00,64058.75,-358.984375
2016-02-04 22:00:00,61693.5,147.2734375
2016-02-04 23:00:00,57128.25,-2138.703125
2016-02-05 00:00:00,53030.25,-874.1015625
2016-02-05 01:00:00,50845.25,487.546875
2016-02-05 02:00:00,50318.75,-255.16796875
2016-02-05 03:00:00,50475.0,-16.18359375
2016-02-05 04:00:00,51795.75,1064.3828125
2016-02-05 05:00:00,54655.75,-868.046875
2016-02-05 06:00:00,61806.75,720.5546875
2016-02-05 07:00:00,68792.75,1013.234375
2016-02-05 08:00:00,71221.0,-839.46875
2016-02-05 09:00:00,72163.75,-432.9140625
2016-02-05 10:00:00,73173.25,604.328125
2016-02-05 11:00:00,73393.25,-497.28125
2016-02-05 12:00:00,72532.75,-605.515625
2016-02-05 13:00:00,71422.0,-27.375
2016-02-05 14:00:00,69660.0,-604.59375
2016-02-05 15:00:00,68357.0,-620.96875
2016-02-05 16:00:00,67795.75,-1309.484375
2016-02-05 17:00:00,70376.0,392.5
2016-02-05 18:00:00,71519.75,-835.859375
2016-02-05 19:00:00,69306.75,-55.421875
2016-02-05 20:00:00,64640.5,-582.5
2016-02-05 21:00:00,60551.0,-814.8203125
2016-02-05 22:00:00,58394.75,514.328125
2016-02-05 23:00:00,55008.25,726.2109375
2016-02-06 00:00:00,51225.25,197.171875
2016-02-06 01:00:00,48765.25,258.5390625
2016-02-06 02:00:00,47692.75,-189.09765625
2016-02-06 03:00:00,47188.25,296.46484375
2016-02-06 04:00:00,47591.25,150.2734375
2016-02-06 05:00:00,47805.25,-2565.6015625
2016-02-06 06:00:00,48543.75,-4818.1328125
2016-02-06 07:00:00,51616.0,-1925.109375
2016-02-06 08:00:00,55533.5,557.3828125
2016-02-06 09:00:00,58591.0,76.28125
2016-02-06 10:00:00,60249.5,-1627.4765625
2016-02-06 11:00:00,60414.5,-1482.59765625
2016-02-06 12:00:00,59189.75,-907.3828125
2016-02-06 13:00:00,56666.5,-1707.30859375
2016-02-06 14:00:00,55063.0,-1265.80859375
2016-02-06 15:00:00,54647.0,-7.390625
2016-02-06 16:00:00,55160.5,-350.94140625
2016-02-06 17:00:00,59196.75,980.8046875
2016-02-06 18:00:00,62439.5,1014.79296875
2016-02-06 19:00:00,60334.5,-566.8515625
2016-02-06 20:00:00,56382.5,501.296875
2016-02-06 21:00:00,53953.25,574.0234375
2016-02-06 22:00:00,53235.75,1516.65234375
2016-02-06 23:00:00,49782.75,78.83203125
2016-02-07 00:00:00,46311.25,271.39453125
2016-02-07 01:00:00,44380.0,-130.20703125
2016-02-07 02:00:00,43521.25,-1220.74609375
2016-02-07 03:00:00,43377.25,-843.91796875
2016-02-07 04:00:00,43139.75,-1100.375
2016-02-07 05:00:00,42622.25,-4749.3125
2016-02-07 06:00:00,42052.0,-7412.36328125
2016-02-07 07:00:00,43853.0,-4010.203125
2016-02-07 08:00:00,47292.25,236.7265625
2016-02-07 09:00:00,50699.25,546.67578125
2016-02-07 10:00:00,54241.5,40.390625
2016-02-07 11:00:00,56158.0,-815.98828125
2016-02-07 12:00:00,55281.0,-1681.390625
2016-02-07 13:00:00,53062.75,-1355.26953125
2016-02-07 14:00:00,51099.5,-677.4375
2016-02-07 15:00:00,50602.25,-254.87109375
2016-02-07 16:00:00,50924.0,-1483.28515625
2016-02-07 17:00:00,55377.5,974.14453125
2016-02-07 18:00:00,59246.0,1951.53515625
2016-02-07 19:00:00,57992.75,-379.8203125
2016-02-07 20:00:00,55467.75,2.7109375
2016-02-07 21:00:00,54099.25,840.98828125
2016-02-07 22:00:00,54134.75,1092.1328125
2016-02-07 23:00:00,50950.0,-676.76953125
2016-02-08 00:00:00,48082.5,1217.00390625
2016-02-08 01:00:00,46145.25,338.7734375
2016-02-08 02:00:00,45573.25,-1635.01953125
2016-02-08 03:00:00,46247.5,-1049.51953125
2016-02-08 04:00:00,48189.5,-271.12890625
2016-02-08 05:00:00,51687.25,-48.16015625
2016-02-08 06:00:00,59068.75,2556.8828125
2016-02-08 07:00:00,65792.0,2543.79296875
2016-02-08 08:00:00,68592.25,-223.671875
2016-02-08 09:00:00,70245.0,1180.9921875
2016-02-08 10:00:00,71231.75,576.8515625
2016-02-08 11:00:00,72508.75,1090.3046875
2016-02-08 12:00:00,71882.0,1123.796875
2016-02-08 13:00:00,70348.5,1299.21875
2016-02-08 14:00:00,69578.0,2057.359375
2016-02-08 15:00:00,68941.5,2071.03125
2016-02-08 16:00:00,68195.75,181.296875
2016-02-08 17:00:00,70741.75,863.9140625
2016-02-08 18:00:00,72646.25,2057.28125
2016-02-08 19:00:00,70897.5,1423.515625
2016-02-08 20:00:00,66804.5,1140.765625
2016-02-08 21:00:00,63665.5,1090.34375
2016-02-08 22:00:00,61097.0,1094.8984375
2016-02-08 23:00:00,56996.0,55.65625
2016-02-09 00:00:00,53568.5,325.421875
2016-02-09 01:00:00,51570.5,-974.55859375
2016-02-09 02:00:00,50557.0,-1651.6328125
2016-02-09 03:00:00,51205.75,-512.34375
2016-02-09 04:00:00,52592.0,-337.14453125
2016-02-09 05:00:00,55838.25,-1227.23828125
2016-02-09 06:00:00,62993.0,1411.84765625
2016-02-09 07:00:00,69002.75,1197.265625
2016-02-09 08:00:00,70780.5,-20.6484375
2016-02-09 09:00:00,71450.75,94.625
2016-02-09 10:00:00,72856.75,-422.734375
2016-02-09 11:00:00,73460.25,-1402.8671875
2016-02-09 12:00:00,72116.5,-1382.296875
2016-02-09 13:00:00,71227.25,582.8671875
2016-02-09 14:00:00,70010.5,96.71875
2016-02-09 15:00:00,69702.25,834.0625
2016-02-09 16:00:00,68794.0,-523.890625
2016-02-09 17:00:00,71348.5,-425.65625
2016-02-09 18:00:00,73061.5,-1233.078125
2016-02-09 19:00:00,71157.75,-602.4140625
2016-02-09 20:00:00,67411.5,1457.6171875
2016-02-09 21:00:00,64234.5,1188.7265625
2016-02-09 22:00:00,61319.25,357.81640625
2016-02-09 23:00:00,57138.75,1321.8125
2016-02-10 00:00:00,53898.0,621.64453125
2016-02-10 01:00:00,52081.75,528.09765625
2016-02-10 02:00:00,51146.0,-74.4609375
2016-02-10 03:00:00,51384.5,-12.3828125
2016-02-10 04:00:00,52620.75,1224.23046875
2016-02-10 05:00:00,55470.0,235.24609375
2016-02-10 06:00:00,63142.75,1986.6875
2016-02-10 07:00:00,69885.5,2268.6796875
2016-02-10 08:00:00,72028.5,93.546875
2016-02-10 09:00:00,72204.5,-905.0234375
2016-02-10 10:00:00,73296.5,635.671875
2016-02-10 11:00:00,74529.25,1169.6171875
2016-02-10 12:00:00,73780.0,476.40625
2016-02-10 13:00:00,73121.75,1525.0078125
2016-02-10 14:00:00,71977.5,523.1796875
2016-02-10 15:00:00,71097.0,1026.09375
2016-02-10 16:00:00,70217.25,-537.1953125
2016-02-10 17:00:00,72449.25,300.7734375
2016-02-10 18:00:00,74455.25,648.75
2016-02-10 19:00:00,72689.0,1337.359375
2016-02-10 20:00:00,68703.0,733.1953125
2016-02-10 21:00:00,65150.75,-143.64453125
2016-02-10 22:00:00,62290.0,-2.80859375
2016-02-10 23:00:00,57785.25,-168.421875
2016-02-11 00:00:00,53849.5,-57.671875
2016-02-11 01:00:00,51756.0,61.8359375
2016-02-11 02:00:00,50626.25,-1563.2578125
2016-02-11 03:00:00,50716.75,-383.54296875
2016-02-11 04:00:00,52372.5,1638.93359375
2016-02-11 05:00:00,55522.0,-223.7421875
2016-02-11 06:00:00,62909.25,356.20703125
2016-02-11 07:00:00,69564.5,1696.5625
2016-02-11 08:00:00,71206.5,-1333.953125
2016-02-11 09:00:00,71364.75,-1469.8125
2016-02-11 10:00:00,71756.75,-814.0
2016-02-11 11:00:00,72875.0,667.140625
2016-02-11 12:00:00,71759.25,-1335.375
2016-02-11 13:00:00,71039.25,-2.515625
2016-02-11 14:00:00,70017.75,206.078125
2016-02-11 15:00:00,68970.25,-1011.1015625
2016-02-11 16:00:00,68029.5,-1575.390625
2016-02-11 17:00:00,70028.5,-510.7734375
2016-02-11 18:00:00,73072.75,1161.078125
2016-02-11 19:00:00,71505.25,-547.59375
2016-02-11 20:00:00,67461.0,26.640625
2016-02-11 21:00:00,64039.75,-324.52734375
2016-02-11 22:00:00,61146.25,-227.046875
2016-02-11 23:00:00,56541.0,-1136.98046875
2016-02-12 00:00:00,52849.0,424.9453125
2016-02-12 01:00:00,51216.5,1315.67578125
2016-02-12 02:00:00,50657.25,-0.1171875
2016-02-12 03:00:00,50925.5,423.91015625
2016-02-12 04:00:00,52461.75,1900.80859375
2016-02-12 05:00:00,55486.75,1398.7578125
2016-02-12 06:00:00,62751.25,1622.796875
2016-02-12 07:00:00,69173.25,2375.171875
2016-02-12 08:00:00,71445.25,655.5234375
2016-02-12 09:00:00,71535.5,-297.078125
2016-02-12 10:00:00,71705.5,67.78125
2016-02-12 11:00:00,72117.5,630.7265625
2016-02-12 12:00:00,71337.25,879.2421875
2016-02-12 13:00:00,69940.5,948.578125
2016-02-12 14:00:00,68527.0,706.15625
2016-02-12 15:00:00,67020.75,190.859375
2016-02-12 16:00:00,66266.75,-108.890625
2016-02-12 17:00:00,68444.75,1000.734375
2016-02-12 18:00:00,71478.25,2013.4453125
2016-02-12 19:00:00,69561.25,1296.7578125
2016-02-12 20:00:00,65296.0,1090.453125
2016-02-12 21:00:00,62068.75,928.00390625
2016-02-12 22:00:00,59518.5,1821.74609375
2016-02-12 23:00:00,55586.75,968.42578125
2016-02-13 00:00:00,52793.0,1878.58203125
2016-02-13 01:00:00,50397.25,896.53515625
2016-02-13 02:00:00,48756.75,-528.73046875
2016-02-13 03:00:00,48713.5,610.5390625
2016-02-13 04:00:00,48844.0,1103.2109375
2016-02-13 05:00:00,49215.0,-1808.6875
2016-02-13 06:00:00,49498.5,-5124.47265625
2016-02-13 07:00:00,52351.25,-2569.8515625
2016-02-13 08:00:00,56117.25,817.40234375
2016-02-13 09:00:00,59412.75,1317.578125
2016-02-13 10:00:00,60798.75,-627.44140625
2016-02-13 11:00:00,61509.0,-520.0078125
2016-02-13 12:00:00,60409.0,-288.78125
2016-02-13 13:00:00,58562.75,481.7734375
2016-02-13 14:00:00,57721.25,1299.98828125
2016-02-13 15:00:00,57213.25,1095.3671875
2016-02-13 16:00:00,56948.0,-526.08984375
2016-02-13 17:00:00,60097.25,1565.97265625
2016-02-13 18:00:00,63524.0,2999.3828125
2016-02-13 19:00:00,61811.0,1071.54296875
2016-02-13 20:00:00,58067.0,-94.296875
2016-02-13 21:00:00,55535.5,1410.74609375
2016-02-13 22:00:00,54261.75,2825.79296875
2016-02-13 23:00:00,50589.75,1488.984375
2016-02-14 00:00:00,47369.75,1712.53125
2016-02-14 01:00:00,45092.5,395.94140625
2016-02-14 02:00:00,43871.5,-923.86328125
2016-02-14 03:00:00,43416.0,-2337.98828125
2016-02-14 04:00:00,43384.75,-1189.96875
2016-02-14 05:00:00,43369.5,-4440.30078125
2016-02-14 06:00:00,43442.75,-7861.59765625
2016-02-14 07:00:00,45012.25,-4971.33984375
2016-02-14 08:00:00,48392.25,823.71875
2016-02-14 09:00:00,52076.25,2848.50390625
2016-02-14 10:00:00,54916.0,3726.53125
2016-02-14 11:00:00,57468.25,4546.875
2016-02-14 12:00:00,57064.0,3120.60546875
2016-02-14 13:00:00,55213.5,1205.8984375
2016-02-14 14:00:00,53468.5,-292.2421875
2016-02-14 15:00:00,53290.5,114.39453125
2016-02-14 16:00:00,53325.0,-2304.16015625
2016-02-14 17:00:00,56326.25,118.2265625
2016-02-14 18:00:00,59898.5,4595.0234375
2016-02-14 19:00:00,58756.25,3311.6796875
2016-02-14 20:00:00,56395.5,1404.703125
2016-02-14 21:00:00,54896.75,401.79296875
2016-02-14 22:00:00,54845.25,498.703125
2016-02-14 23:00:00,51573.75,11.00390625
2016-02-15 00:00:00,48807.25,40.68359375
2016-02-15 01:00:00,46864.5,-1241.01953125
2016-02-15 02:00:00,46289.0,-906.171875
2016-02-15 03:00:00,47082.75,-204.87109375
2016-02-15 04:00:00,49060.75,300.734375
2016-02-15 05:00:00,53070.75,-539.2890625
2016-02-15 06:00:00,62808.25,4554.828125
2016-02-15 07:00:00,69708.75,2354.421875
2016-02-15 08:00:00,72479.75,23.7734375
2016-02-15 09:00:00,72973.5,813.59375
2016-02-15 10:00:00,74123.5,745.9921875
2016-02-15 11:00:00,74806.75,528.8671875
2016-02-15 12:00:00,74367.5,534.96875
2016-02-15 13:00:00,73803.0,1061.109375
2016-02-15 14:00:00,72855.5,536.203125
2016-02-15 15:00:00,71917.0,627.25
2016-02-15 16:00:00,70631.75,-347.8359375
2016-02-15 17:00:00,72133.75,-765.0
2016-02-15 18:00:00,74381.5,813.40625
2016-02-15 19:00:00,73101.25,646.71875
2016-02-15 20:00:00,68782.5,-756.0625
2016-02-15 21:00:00,65081.75,-273.7734375
2016-02-15 22:00:00,62045.0,-562.3359375
2016-02-15 23:00:00,57589.0,-1746.7734375
2016-02-16 00:00:00,54428.0,210.390625
2016-02-16 01:00:00,53058.25,-71.6640625
2016-02-16 02:00:00,52340.0,-1664.453125
2016-02-16 03:00:00,52178.0,-700.3046875
2016-02-16 04:00:00,53500.25,424.3828125
2016-02-16 05:00:00,56467.75,-747.046875
2016-02-16 06:00:00,64592.25,1776.1328125
2016-02-16 07:00:00,70635.75,-462.484375
2016-02-16 08:00:00,72335.5,-1779.6328125
2016-02-16 09:00:00,73044.75,-749.84375
2016-02-16 10:00:00,73943.5,-26.09375
2016-02-16 11:00:00,74392.25,-785.734375
2016-02-16 12:00:00,73268.25,-671.25
2016-02-16 13:00:00,72473.0,114.6328125
2016-02-16 14:00:00,71330.5,-729.796875
2016-02-16 15:00:00,70451.0,343.21875
2016-02-16 16:00:00,69282.75,-1511.078125
2016-02-16 17:00:00,70861.75,-454.6640625
2016-02-16 18:00:00,74152.5,1287.0
2016-02-16 19:00:00,73374.5,-110.40625
2016-02-16 20:00:00,69527.0,-208.7421875
2016-02-16 21:00:00,66175.0,-583.203125
2016-02-16 22:00:00,63218.75,232.90625
2016-02-16 23:00:00,58468.25,-1521.421875
2016-02-17 00:00:00,55351.0,1064.6171875
2016-02-17 01:00:00,53676.5,210.0546875
2016-02-17 02:00:00,52950.0,-990.671875
2016-02-17 03:00:00,53072.5,288.96484375
2016-02-17 04:00:00,54372.75,1278.57421875
2016-02-17 05:00:00,57469.25,-422.7578125
2016-02-17 06:00:00,65163.25,2854.03125
2016-02-17 07:00:00,71607.0,930.984375
2016-02-17 08:00:00,73609.5,-723.7421875
2016-02-17 09:00:00,73617.5,40.3671875
2016-02-17 10:00:00,74045.0,-14.1328125
2016-02-17 11:00:00,75093.25,499.265625
2016-02-17 12:00:00,74051.5,270.875
2016-02-17 13:00:00,73619.5,824.953125
2016-02-17 14:00:00,72292.5,-507.125
2016-02-17 15:00:00,71259.75,708.7734375
2016-02-17 16:00:00,70428.75,-241.921875
2016-02-17 17:00:00,72161.5,-158.9140625
2016-02-17 18:00:00,75136.0,1150.109375
2016-02-17 19:00:00,73806.5,50.65625
2016-02-17 20:00:00,69341.0,-937.9765625
2016-02-17 21:00:00,65210.5,101.8828125
2016-02-17 22:00:00,62256.0,-655.04296875
2016-02-17 23:00:00,57786.75,-1092.40625
2016-02-18 00:00:00,54094.75,-114.6015625
2016-02-18 01:00:00,52250.75,684.671875
2016-02-18 02:00:00,51023.0,-560.73046875
2016-02-18 03:00:00,51665.5,750.703125
2016-02-18 04:00:00,53083.5,2772.828125
2016-02-18 05:00:00,56255.0,146.62890625
2016-02-18 06:00:00,64399.75,2269.0390625
2016-02-18 07:00:00,70447.0,1605.4296875
2016-02-18 08:00:00,71999.75,-1129.734375
2016-02-18 09:00:00,71863.75,-367.859375
2016-02-18 10:00:00,72428.0,152.3125
2016-02-18 11:00:00,72626.25,-367.484375
2016-02-18 12:00:00,72244.0,-177.171875
2016-02-18 13:00:00,71483.25,439.09375
2016-02-18 14:00:00,70194.0,-216.8828125
2016-02-18 15:00:00,69279.75,1173.1328125
2016-02-18 16:00:00,68432.0,-26.109375
2016-02-18 17:00:00,70451.75,-178.4296875
2016-02-18 18:00:00,73589.25,498.0234375
2016-02-18 19:00:00,72284.5,297.703125
2016-02-18 20:00:00,68170.5,-498.90625
2016-02-18 21:00:00,64170.5,311.40625
2016-02-18 22:00:00,61252.5,292.28125
2016-02-18 23:00:00,57026.5,-1802.34765625
2016-02-19 00:00:00,53536.25,-2047.234375
2016-02-19 01:00:00,51880.25,-1146.3359375
2016-02-19 02:00:00,51268.25,-1443.51953125
2016-02-19 03:00:00,51693.5,-1204.08984375
2016-02-19 04:00:00,52935.5,1022.546875
2016-02-19 05:00:00,55596.25,1450.33984375
2016-02-19 06:00:00,63689.5,3435.96875
2016-02-19 07:00:00,70045.5,4523.59375
2016-02-19 08:00:00,71867.25,2908.765625
2016-02-19 09:00:00,72558.75,1541.5859375
2016-02-19 10:00:00,73497.0,1168.1328125
2016-02-19 11:00:00,73935.25,-83.8125
2016-02-19 12:00:00,73008.5,-115.5625
2016-02-19 13:00:00,71667.5,-1360.8671875
2016-02-19 14:00:00,69972.0,-2237.296875
2016-02-19 15:00:00,68949.5,-1023.6953125
2016-02-19 16:00:00,68315.75,-565.3046875
2016-02-19 17:00:00,69870.25,-137.703125
2016-02-19 18:00:00,72733.75,1196.6875
2016-02-19 19:00:00,71302.0,1183.65625
2016-02-19 20:00:00,67131.5,468.03125
2016-02-19 21:00:00,64473.75,2928.578125
2016-02-19 22:00:00,62107.5,4739.734375
2016-02-19 23:00:00,57785.75,2286.203125
2016-02-20 00:00:00,54341.5,1418.2421875
2016-02-20 01:00:00,51817.0,355.4765625
2016-02-20 02:00:00,50633.25,177.69140625
2016-02-20 03:00:00,50370.5,332.76171875
2016-02-20 04:00:00,50514.75,850.57421875
2016-02-20 05:00:00,50732.75,-1369.109375
2016-02-20 06:00:00,51492.5,-4746.5078125
2016-02-20 07:00:00,54352.0,-2947.390625
2016-02-20 08:00:00,58229.0,1259.3046875
2016-02-20 09:00:00,61908.75,1743.765625
2016-02-20 10:00:00,64132.0,-278.6328125
2016-02-20 11:00:00,65514.5,597.328125
2016-02-20 12:00:00,64756.25,685.5546875
2016-02-20 13:00:00,62562.0,-900.7421875
2016-02-20 14:00:00,61010.0,32.4296875
2016-02-20 15:00:00,60252.5,1683.44140625
2016-02-20 16:00:00,60160.25,680.0390625
2016-02-20 17:00:00,62345.0,162.4453125
2016-02-20 18:00:00,65239.75,1289.41796875
2016-02-20 19:00:00,63053.25,90.3359375
2016-02-20 20:00:00,58747.25,150.5546875
2016-02-20 21:00:00,56049.0,870.9765625
2016-02-20 22:00:00,55360.75,2590.390625
2016-02-20 23:00:00,51785.0,726.44140625
2016-02-21 00:00:00,48020.75,2709.25390625
2016-02-21 01:00:00,45699.25,2981.671875
2016-02-21 02:00:00,44433.5,1246.80078125
2016-02-21 03:00:00,43612.5,879.73828125
2016-02-21 04:00:00,44044.25,1855.9375
2016-02-21 05:00:00,44128.0,-3095.421875
2016-02-21 06:00:00,43624.75,-7561.0859375
2016-02-21 07:00:00,45014.75,-8111.59375
2016-02-21 08:00:00,48306.0,-4817.765625
2016-02-21 09:00:00,52145.0,-2974.8828125
2016-02-21 10:00:00,54610.5,-988.234375
2016-02-21 11:00:00,57345.5,553.0078125
2016-02-21 12:00:00,57181.5,47.3828125
2016-02-21 13:00:00,55146.5,-503.98828125
2016-02-21 14:00:00,53730.25,1291.9140625
2016-02-21 15:00:00,52762.5,28.0234375
2016-02-21 16:00:00,53022.5,-1274.125
2016-02-21 17:00:00,56203.75,1299.0703125
2016-02-21 18:00:00,60912.5,4043.359375
2016-02-21 19:00:00,60271.75,1973.8125
2016-02-21 20:00:00,57495.75,153.75390625
2016-02-21 21:00:00,55721.0,123.7734375
2016-02-21 22:00:00,55323.5,-1337.171875
2016-02-21 23:00:00,51621.0,-2374.5625
2016-02-22 00:00:00,48340.0,-182.49609375
2016-02-22 01:00:00,46439.0,-1354.59375
2016-02-22 02:00:00,45507.75,-2120.89453125
2016-02-22 03:00:00,46412.5,-1328.140625
2016-02-22 04:00:00,48784.5,-325.21484375
2016-02-22 05:00:00,53341.5,-974.5625
2016-02-22 06:00:00,62599.25,3093.76953125
2016-02-22 07:00:00,69814.25,1271.9453125
2016-02-22 08:00:00,71912.25,-1033.5
2016-02-22 09:00:00,72281.0,-133.859375
2016-02-22 10:00:00,73133.75,254.5078125
2016-02-22 11:00:00,74458.0,200.34375
2016-02-22 12:00:00,73952.5,103.453125
2016-02-22 13:00:00,73285.75,245.734375
2016-02-22 14:00:00,72260.0,461.328125
2016-02-22 15:00:00,70796.25,174.015625
2016-02-22 16:00:00,69274.75,-1091.8828125
2016-02-22 17:00:00,70698.25,-657.59375
2016-02-22 18:00:00,73460.75,454.734375
2016-02-22 19:00:00,72281.0,-174.640625
2016-02-22 20:00:00,67722.5,-991.7421875
2016-02-22 21:00:00,64436.0,-44.546875
2016-02-22 22:00:00,61347.75,-926.3828125
2016-02-22 23:00:00,56045.75,-2295.3515625
2016-02-23 00:00:00,52662.0,247.69921875
2016-02-23 01:00:00,50486.25,-762.0859375
2016-02-23 02:00:00,49934.25,-1104.37890625
2016-02-23 03:00:00,50547.25,138.96875
2016-02-23 04:00:00,51920.25,492.5
2016-02-23 05:00:00,55240.5,-514.06640625
2016-02-23 06:00:00,63572.75,1770.15625
2016-02-23 07:00:00,69148.5,-1155.6015625
2016-02-23 08:00:00,71062.5,-1386.8046875
2016-02-23 09:00:00,71418.0,-997.8203125
2016-02-23 10:00:00,72516.0,-365.6953125
2016-02-23 11:00:00,73385.0,-463.2578125
2016-02-23 12:00:00,72854.75,-522.2734375
2016-02-23 13:00:00,72428.0,50.1484375
2016-02-23 14:00:00,71471.75,-861.609375
2016-02-23 15:00:00,70253.25,-462.046875
2016-02-23 16:00:00,68959.5,-888.5703125
2016-02-23 17:00:00,69869.25,-1736.828125
2016-02-23 18:00:00,73576.5,1644.5546875
2016-02-23 19:00:00,73194.0,-49.3125
2016-02-23 20:00:00,68949.25,-997.3203125
2016-02-23 21:00:00,65158.0,-184.8203125
2016-02-23 22:00:00,62083.25,-56.4921875
2016-02-23 23:00:00,57492.0,-1154.19921875
2016-02-24 00:00:00,53885.5,97.046875
2016-02-24 01:00:00,52074.75,1363.24609375
2016-02-24 02:00:00,51117.5,-786.1953125
2016-02-24 03:00:00,51392.75,340.69921875
2016-02-24 04:00:00,52633.0,1564.0234375
2016-02-24 05:00:00,55759.25,859.21875
2016-02-24 06:00:00,64329.25,2155.73828125
2016-02-24 07:00:00,69719.5,-83.0546875
2016-02-24 08:00:00,71209.25,-605.5703125
2016-02-24 09:00:00,71415.75,-522.0390625
2016-02-24 10:00:00,71902.5,-994.1875
2016-02-24 11:00:00,72777.75,1121.328125
2016-02-24 12:00:00,71546.75,-1324.671875
2016-02-24 13:00:00,70413.5,-1414.8671875
2016-02-24 14:00:00,69230.5,-530.671875
2016-02-24 15:00:00,68387.75,198.703125
2016-02-24 16:00:00,66997.25,-165.265625
2016-02-24 17:00:00,68442.75,-1082.9296875
2016-02-24 18:00:00,72446.0,67.71875
2016-02-24 19:00:00,72018.0,-635.2265625
2016-02-24 20:00:00,68475.5,620.046875
2016-02-24 21:00:00,64608.75,512.2890625
2016-02-24 22:00:00,61208.5,-326.38671875
2016-02-24 23:00:00,56723.0,-1541.1953125
2016-02-25 00:00:00,53935.75,1603.2421875
2016-02-25 01:00:00,52157.0,219.9140625
2016-02-25 02:00:00,51305.75,-611.625
2016-02-25 03:00:00,51724.75,772.7734375
2016-02-25 04:00:00,52911.25,1371.19921875
2016-02-25 05:00:00,56024.5,2.76171875
2016-02-25 06:00:00,64224.0,2993.6796875
2016-02-25 07:00:00,69318.25,-874.2578125
2016-02-25 08:00:00,70731.75,475.40625
2016-02-25 09:00:00,71030.75,598.625
2016-02-25 10:00:00,71502.75,123.328125
2016-02-25 11:00:00,71984.5,815.046875
2016-02-25 12:00:00,71970.5,1135.6484375
2016-02-25 13:00:00,71543.5,812.015625
2016-02-25 14:00:00,70391.75,728.59375
2016-02-25 15:00:00,69389.25,1073.453125
2016-02-25 16:00:00,68086.0,624.1875
2016-02-25 17:00:00,69056.0,-18.2890625
2016-02-25 18:00:00,72908.5,2529.6328125
2016-02-25 19:00:00,72212.5,144.421875
2016-02-25 20:00:00,68548.75,1267.7265625
2016-02-25 21:00:00,64972.75,982.7109375
2016-02-25 22:00:00,61860.5,908.6171875
2016-02-25 23:00:00,57831.75,591.421875
2016-02-26 00:00:00,54439.75,1697.48828125
2016-02-26 01:00:00,52409.25,775.94921875
2016-02-26 02:00:00,51328.5,-781.15625
2016-02-26 03:00:00,51214.0,-621.91796875
2016-02-26 04:00:00,52397.75,-569.546875
2016-02-26 05:00:00,55945.0,-335.6875
2016-02-26 06:00:00,63522.5,2602.1328125
2016-02-26 07:00:00,68805.25,2040.2890625
2016-02-26 08:00:00,71004.75,-118.71875
2016-02-26 09:00:00,71263.25,587.2421875
2016-02-26 10:00:00,71203.75,-1137.140625
2016-02-26 11:00:00,71164.0,-1665.890625
2016-02-26 12:00:00,70183.0,-805.703125
2016-02-26 13:00:00,68741.0,-1999.2578125
2016-02-26 14:00:00,66830.75,-3113.953125
2016-02-26 15:00:00,65906.25,-1856.0546875
2016-02-26 16:00:00,65043.25,-1064.421875
2016-02-26 17:00:00,66180.25,-2039.078125
2016-02-26 18:00:00,70055.0,177.015625
2016-02-26 19:00:00,68803.5,-1082.3671875
2016-02-26 20:00:00,64283.75,-2502.9921875
2016-02-26 21:00:00,60940.25,-59.546875
2016-02-26 22:00:00,58498.5,-564.07421875
2016-02-26 23:00:00,54612.75,-281.5
2016-02-27 00:00:00,51826.25,702.609375
2016-02-27 01:00:00,49739.5,1099.25
2016-02-27 02:00:00,48906.75,318.40625
2016-02-27 03:00:00,48312.25,156.9453125
2016-02-27 04:00:00,48111.75,861.2421875
2016-02-27 05:00:00,48151.75,-2537.44921875
2016-02-27 06:00:00,48699.0,-5763.2734375
2016-02-27 07:00:00,51247.75,-3505.58203125
2016-02-27 08:00:00,54905.0,76.921875
2016-02-27 09:00:00,57944.25,-259.2890625
2016-02-27 10:00:00,59213.5,-1642.87890625
2016-02-27 11:00:00,59451.75,-715.421875
2016-02-27 12:00:00,57869.5,76.24609375
2016-02-27 13:00:00,55738.25,-2276.1875
2016-02-27 14:00:00,54127.25,-2365.2265625
2016-02-27 15:00:00,53538.0,366.5546875
2016-02-27 16:00:00,53616.75,793.734375
2016-02-27 17:00:00,56322.5,894.4921875
2016-02-27 18:00:00,61077.5,2843.99609375
2016-02-27 19:00:00,60493.25,1103.59375
2016-02-27 20:00:00,56728.5,-537.4921875
2016-02-27 21:00:00,54554.75,859.05859375
2016-02-27 22:00:00,53763.75,2350.41796875
2016-02-27 23:00:00,50540.0,1864.34375
2016-02-28 00:00:00,47169.75,1661.4296875
2016-02-28 01:00:00,45062.0,1226.8828125
2016-02-28 02:00:00,44006.5,2.328125
2016-02-28 03:00:00,43877.25,685.65625
2016-02-28 04:00:00,43597.75,-906.30078125
2016-02-28 05:00:00,43313.5,-2916.25390625
2016-02-28 06:00:00,42726.5,-5181.63671875
2016-02-28 07:00:00,44179.5,-1982.0234375
2016-02-28 08:00:00,47839.5,1313.5390625
2016-02-28 09:00:00,51022.0,1374.796875
2016-02-28 10:00:00,53237.5,-340.90625
2016-02-28 11:00:00,55469.75,259.703125
2016-02-28 12:00:00,54927.5,-210.37109375
2016-02-28 13:00:00,53004.0,-1212.59375
2016-02-28 14:00:00,51652.25,-123.0
2016-02-28 15:00:00,50854.5,126.03125
2016-02-28 16:00:00,50987.5,-352.91796875
2016-02-28 17:00:00,53523.75,-929.31640625
2016-02-28 18:00:00,58594.25,1126.28125
2016-02-28 19:00:00,58883.75,-772.44140625
2016-02-28 20:00:00,55758.25,-920.44921875
2016-02-28 21:00:00,53999.0,-908.28125
2016-02-28 22:00:00,53943.75,476.58203125
2016-02-28 23:00:00,51232.25,-1388.28515625
2016-02-29 00:00:00,48699.75,130.9375
2016-02-29 01:00:00,47244.25,-161.0859375
2016-02-29 02:00:00,46650.75,-1005.05078125
2016-02-29 03:00:00,47068.5,-1456.61328125
2016-02-29 04:00:00,48868.0,73.4765625
2016-02-29 05:00:00,53155.75,-68.89453125
2016-02-29 06:00:00,61991.25,3326.72265625
2016-02-29 07:00:00,67598.25,1248.46875
2016-02-29 08:00:00,69949.0,839.78125
2016-02-29 09:00:00,70715.0,375.9453125
2016-02-29 10:00:00,71353.0,50.0078125
2016-02-29 11:00:00,71977.5,645.3671875
2016-02-29 12:00:00,71548.25,330.421875
2016-02-29 13:00:00,71337.5,1210.296875
2016-02-29 14:00:00,70239.0,777.859375
2016-02-29 15:00:00,69416.75,743.171875
2016-02-29 16:00:00,67910.0,-152.421875
2016-02-29 17:00:00,68840.5,-786.9453125
2016-02-29 18:00:00,72242.0,960.4375
2016-02-29 19:00:00,72038.25,527.3984375
2016-02-29 20:00:00,67831.0,-710.890625
2016-02-29 21:00:00,64020.5,380.3203125
2016-02-29 22:00:00,61229.5,-604.9140625
2016-02-29 23:00:00,56937.25,-1095.578125
2016-03-01 00:00:00,53989.5,-1247.546875
2016-03-01 01:00:00,52185.25,558.4921875
2016-03-01 02:00:00,51144.0,-1909.9921875
2016-03-01 03:00:00,51211.5,-869.67578125
2016-03-01 04:00:00,52581.0,835.1015625
2016-03-01 05:00:00,56003.0,189.5390625
2016-03-01 06:00:00,64079.0,1752.921875
2016-03-01 07:00:00,68849.25,-160.71875
2016-03-01 08:00:00,70515.0,-719.2578125
2016-03-01 09:00:00,71525.5,-1520.0234375
2016-03-01 10:00:00,73417.0,384.4296875
2016-03-01 11:00:00,75627.75,1167.1953125
2016-03-01 12:00:00,76270.5,1881.8203125
2016-03-01 13:00:00,76029.0,1570.984375
2016-03-01 14:00:00,74191.5,-208.4375
2016-03-01 15:00:00,72218.5,-791.0703125
2016-03-01 16:00:00,69930.5,-1184.125
2016-03-01 17:00:00,70123.25,-2505.3515625
2016-03-01 18:00:00,73792.25,359.421875
2016-03-01 19:00:00,73291.75,586.4375
2016-03-01 20:00:00,69108.5,-490.015625
2016-03-01 21:00:00,65756.25,-0.7578125
2016-03-01 22:00:00,62691.0,618.76171875
2016-03-01 23:00:00,58030.0,-1023.8046875
2016-03-02 00:00:00,54533.25,709.0234375
2016-03-02 01:00:00,52662.5,-282.73046875
2016-03-02 02:00:00,51361.5,-580.8828125
2016-03-02 03:00:00,51438.25,311.3671875
2016-03-02 04:00:00,52301.5,720.48828125
2016-03-02 05:00:00,55812.75,651.35546875
2016-03-02 06:00:00,63633.75,1993.3828125
2016-03-02 07:00:00,69433.5,258.328125
2016-03-02 08:00:00,71950.25,167.1484375
2016-03-02 09:00:00,72081.75,-639.40625
2016-03-02 10:00:00,73430.75,-265.5078125
2016-03-02 11:00:00,74178.0,-183.671875
2016-03-02 12:00:00,73204.5,-464.0546875
2016-03-02 13:00:00,72885.0,-383.53125
2016-03-02 14:00:00,72226.5,-189.671875
2016-03-02 15:00:00,71594.5,361.6875
2016-03-02 16:00:00,69727.75,-1365.484375
2016-03-02 17:00:00,70183.25,-1716.203125
2016-03-02 18:00:00,72479.25,-463.75
2016-03-02 19:00:00,72034.5,-68.1171875
2016-03-02 20:00:00,67729.75,-1786.6015625
2016-03-02 21:00:00,64327.5,145.06640625
2016-03-02 22:00:00,61397.5,-592.9765625
2016-03-02 23:00:00,56857.25,-1618.171875
2016-03-03 00:00:00,53078.75,-16.58984375
2016-03-03 01:00:00,51107.75,223.25390625
2016-03-03 02:00:00,50305.75,-184.2890625
2016-03-03 03:00:00,50440.75,120.703125
2016-03-03 04:00:00,52167.75,1339.48828125
2016-03-03 05:00:00,55535.25,430.53125
2016-03-03 06:00:00,63741.75,2514.2578125
2016-03-03 07:00:00,69494.25,414.7734375
2016-03-03 08:00:00,71490.5,242.703125
2016-03-03 09:00:00,71939.75,-602.1796875
2016-03-03 10:00:00,72708.0,463.09375
2016-03-03 11:00:00,73371.75,789.5
2016-03-03 12:00:00,72552.75,92.046875
2016-03-03 13:00:00,71923.75,247.3203125
2016-03-03 14:00:00,70930.25,592.6640625
2016-03-03 15:00:00,69925.0,475.4609375
2016-03-03 16:00:00,68217.0,-321.328125
2016-03-03 17:00:00,69042.0,-185.6640625
2016-03-03 18:00:00,71999.25,641.7734375
2016-03-03 19:00:00,71829.5,1069.421875
2016-03-03 20:00:00,67823.5,-40.71875
2016-03-03 21:00:00,64225.0,162.79296875
2016-03-03 22:00:00,61130.5,389.1015625
2016-03-03 23:00:00,56659.25,-316.72265625
2016-03-04 00:00:00,53182.0,-200.80859375
2016-03-04 01:00:00,51182.5,344.0859375
2016-03-04 02:00:00,50095.0,-604.6953125
2016-03-04 03:00:00,50067.25,-440.19921875
2016-03-04 04:00:00,51603.0,866.2890625
2016-03-04 05:00:00,55051.0,-389.5234375
2016-03-04 06:00:00,62675.0,1900.6484375
2016-03-04 07:00:00,67763.25,128.0625
2016-03-04 08:00:00,70439.5,20.171875
2016-03-04 09:00:00,71265.75,-331.5625
2016-03-04 10:00:00,72070.5,-122.265625
2016-03-04 11:00:00,72736.0,879.203125
2016-03-04 12:00:00,72179.25,598.046875
2016-03-04 13:00:00,71294.75,246.3125
2016-03-04 14:00:00,69963.75,44.46875
2016-03-04 15:00:00,69093.0,1170.734375
2016-03-04 16:00:00,67960.0,984.3046875
2016-03-04 17:00:00,68604.0,-118.53125
2016-03-04 18:00:00,71449.75,825.3125
2016-03-04 19:00:00,70475.75,455.1796875
2016-03-04 20:00:00,65878.0,-469.5859375
2016-03-04 21:00:00,61444.5,314.4296875
2016-03-04 22:00:00,59317.0,1368.34765625
2016-03-04 23:00:00,55198.5,-270.91015625
2016-03-05 00:00:00,51627.75,444.4296875
2016-03-05 01:00:00,49481.25,910.73046875
2016-03-05 02:00:00,48085.75,-316.74609375
2016-03-05 03:00:00,47833.25,-207.953125
2016-03-05 04:00:00,47907.25,875.5859375
2016-03-05 05:00:00,47871.5,-2568.05859375
2016-03-05 06:00:00,48638.0,-5381.265625
2016-03-05 07:00:00,51410.25,-1713.37890625
2016-03-05 08:00:00,55566.5,1779.41796875
2016-03-05 09:00:00,58602.25,156.15234375
2016-03-05 10:00:00,60074.0,-1182.1796875
2016-03-05 11:00:00,60757.25,-16.71875
2016-03-05 12:00:00,59998.75,-364.28125
2016-03-05 13:00:00,58577.5,-566.0078125
2016-03-05 14:00:00,56749.5,-186.7734375
2016-03-05 15:00:00,56026.5,590.3125
2016-03-05 16:00:00,55748.25,-330.48828125
2016-03-05 17:00:00,57599.25,-9.54296875
2016-03-05 18:00:00,60633.25,780.82421875
2016-03-05 19:00:00,59862.5,-742.5546875
2016-03-05 20:00:00,56254.0,-220.2734375
2016-03-05 21:00:00,53567.0,1132.95703125
2016-03-05 22:00:00,52654.0,2126.4140625
2016-03-05 23:00:00,49804.5,94.14453125
2016-03-06 00:00:00,46743.5,1732.8828125
2016-03-06 01:00:00,44555.0,869.98046875
2016-03-06 02:00:00,43398.0,367.41015625
2016-03-06 03:00:00,43282.0,1635.359375
2016-03-06 04:00:00,43402.0,516.5703125
2016-03-06 05:00:00,43108.75,-2432.234375
2016-03-06 06:00:00,42605.5,-4691.19140625
2016-03-06 07:00:00,44072.5,-1762.44140625
2016-03-06 08:00:00,47958.25,2532.484375
2016-03-06 09:00:00,51718.0,2221.98828125
2016-03-06 10:00:00,53909.0,-10.94921875
2016-03-06 11:00:00,56224.25,335.99609375
2016-03-06 12:00:00,56155.0,-391.01171875
2016-03-06 13:00:00,54004.5,-1225.3359375
2016-03-06 14:00:00,52364.25,-816.32421875
2016-03-06 15:00:00,51713.25,-1283.2109375
2016-03-06 16:00:00,51029.0,-2690.51171875
2016-03-06 17:00:00,52737.25,-2837.10546875
2016-03-06 18:00:00,57332.5,-1059.0625
2016-03-06 19:00:00,58407.75,-1649.8515625
2016-03-06 20:00:00,55706.75,-2281.078125
2016-03-06 21:00:00,54049.5,-1562.84765625
2016-03-06 22:00:00,54179.25,-656.36328125
2016-03-06 23:00:00,51284.5,-1677.515625
2016-03-07 00:00:00,49120.75,-287.45703125
2016-03-07 01:00:00,47445.25,525.83984375
2016-03-07 02:00:00,46852.25,-608.96484375
2016-03-07 03:00:00,47306.5,-1341.03515625
2016-03-07 04:00:00,48936.25,-1252.88671875
2016-03-07 05:00:00,52830.25,-1282.98828125
2016-03-07 06:00:00,61364.25,1603.37109375
2016-03-07 07:00:00,67028.25,-325.25
2016-03-07 08:00:00,69667.0,-1612.734375
2016-03-07 09:00:00,70039.75,-2187.140625
2016-03-07 10:00:00,70977.25,-1820.0625
2016-03-07 11:00:00,71574.75,-1522.484375
2016-03-07 12:00:00,71148.25,-1278.1875
2016-03-07 13:00:00,70164.0,-1348.84375
2016-03-07 14:00:00,68838.0,-1418.6875
2016-03-07 15:00:00,67782.75,-1274.1875
2016-03-07 16:00:00,66510.5,-1644.5078125
2016-03-07 17:00:00,66815.25,-2384.1015625
2016-03-07 18:00:00,70306.0,-1047.203125
2016-03-07 19:00:00,70926.0,183.84375
2016-03-07 20:00:00,66994.0,-626.9140625
2016-03-07 21:00:00,63388.5,-1867.5859375
2016-03-07 22:00:00,60515.5,-311.921875
2016-03-07 23:00:00,55639.5,-2519.51171875
2016-03-08 00:00:00,53520.0,1630.8671875
2016-03-08 01:00:00,51834.5,-768.53515625
2016-03-08 02:00:00,50782.0,-1284.1328125
2016-03-08 03:00:00,50982.0,238.6484375
2016-03-08 04:00:00,52139.0,-336.734375
2016-03-08 05:00:00,55552.5,491.70703125
2016-03-08 06:00:00,63349.5,1650.8828125
2016-03-08 07:00:00,68466.5,-1009.6875
2016-03-08 08:00:00,70705.75,-227.390625
2016-03-08 09:00:00,71742.75,-67.8359375
2016-03-08 10:00:00,72471.75,-753.5
2016-03-08 11:00:00,73220.25,741.5
2016-03-08 12:00:00,72517.25,-350.8984375
2016-03-08 13:00:00,71818.5,137.828125
2016-03-08 14:00:00,70351.5,-404.296875
2016-03-08 15:00:00,69196.5,272.953125
2016-03-08 16:00:00,67522.75,-63.125
2016-03-08 17:00:00,68002.0,-990.015625
2016-03-08 18:00:00,71266.25,1188.8671875
2016-03-08 19:00:00,71929.0,753.8125
2016-03-08 20:00:00,67743.0,-712.3828125
2016-03-08 21:00:00,64048.25,516.4296875
2016-03-08 22:00:00,61588.5,814.18359375
2016-03-08 23:00:00,57540.75,-553.7265625
2016-03-09 00:00:00,54221.75,894.3359375
2016-03-09 01:00:00,52087.5,270.96875
2016-03-09 02:00:00,51317.75,-235.13671875
2016-03-09 03:00:00,51045.0,-278.546875
2016-03-09 04:00:00,52321.75,1407.109375
2016-03-09 05:00:00,56182.25,867.6796875
2016-03-09 06:00:00,63377.5,1500.328125
2016-03-09 07:00:00,68443.0,408.5546875
2016-03-09 08:00:00,70606.0,-311.296875
2016-03-09 09:00:00,70458.0,-1000.734375
2016-03-09 10:00:00,71114.0,-830.5625
2016-03-09 11:00:00,71501.75,116.203125
2016-03-09 12:00:00,70678.75,-579.578125
2016-03-09 13:00:00,69926.5,-247.0703125
2016-03-09 14:00:00,68844.5,-432.8046875
2016-03-09 15:00:00,67946.0,356.7265625
2016-03-09 16:00:00,66830.5,-601.578125
2016-03-09 17:00:00,67406.0,-780.171875
2016-03-09 18:00:00,71017.25,756.125
2016-03-09 19:00:00,72329.25,1196.8828125
2016-03-09 20:00:00,68605.75,-199.703125
2016-03-09 21:00:00,65313.0,747.30859375
2016-03-09 22:00:00,62267.75,-60.546875
2016-03-09 23:00:00,57272.5,-1976.24609375
2016-03-10 00:00:00,53384.5,429.125
2016-03-10 01:00:00,51552.5,439.96484375
2016-03-10 02:00:00,50571.25,-860.51171875
2016-03-10 03:00:00,50858.25,503.09375
2016-03-10 04:00:00,52289.0,958.5078125
2016-03-10 05:00:00,55666.0,70.83203125
2016-03-10 06:00:00,63055.75,2187.68359375
2016-03-10 07:00:00,67874.25,-627.875
2016-03-10 08:00:00,70050.75,323.171875
2016-03-10 09:00:00,70140.25,-222.390625
2016-03-10 10:00:00,70945.75,204.109375
2016-03-10 11:00:00,71321.5,556.90625
2016-03-10 12:00:00,71184.0,747.65625
2016-03-10 13:00:00,70192.5,-156.34375
2016-03-10 14:00:00,69202.75,241.25
2016-03-10 15:00:00,68002.0,343.1015625
2016-03-10 16:00:00,66668.5,-20.34375
2016-03-10 17:00:00,67477.25,160.234375
2016-03-10 18:00:00,70561.5,361.53125
2016-03-10 19:00:00,71350.0,973.3671875
2016-03-10 20:00:00,67094.0,-590.390625
2016-03-10 21:00:00,63302.5,-73.234375
2016-03-10 22:00:00,60339.25,520.77734375
2016-03-10 23:00:00,55458.5,-1215.58203125
2016-03-11 00:00:00,52158.5,779.8984375
2016-03-11 01:00:00,50197.0,-204.35546875
2016-03-11 02:00:00,49296.25,-591.76171875
2016-03-11 03:00:00,50081.25,597.97265625
2016-03-11 04:00:00,51787.5,778.71875
2016-03-11 05:00:00,54906.25,-4.5546875
2016-03-11 06:00:00,62423.75,2078.56640625
2016-03-11 07:00:00,67374.25,-281.0390625
2016-03-11 08:00:00,70219.0,1362.6953125
2016-03-11 09:00:00,70924.75,-92.3671875
2016-03-11 10:00:00,71428.25,75.734375
2016-03-11 11:00:00,71703.25,979.4375
2016-03-11 12:00:00,70793.75,-9.859375
2016-03-11 13:00:00,69621.5,490.53125
2016-03-11 14:00:00,67841.0,-123.859375
2016-03-11 15:00:00,66633.5,632.25
2016-03-11 16:00:00,65809.75,979.078125
2016-03-11 17:00:00,66533.25,109.84375
2016-03-11 18:00:00,68483.75,115.328125
2016-03-11 19:00:00,68863.5,1478.390625
2016-03-11 20:00:00,64472.75,132.8125
2016-03-11 21:00:00,61138.75,1166.0625
2016-03-11 22:00:00,58848.5,2014.5703125
2016-03-11 23:00:00,54640.0,-30.640625
2016-03-12 00:00:00,51393.5,1197.68359375
2016-03-12 01:00:00,49012.25,1248.31640625
2016-03-12 02:00:00,47671.25,565.78515625
2016-03-12 03:00:00,48021.5,-336.20703125
2016-03-12 04:00:00,48383.5,1038.90625
2016-03-12 05:00:00,48325.0,-3117.34765625
2016-03-12 06:00:00,48889.75,-7872.2578125
2016-03-12 07:00:00,51576.25,-6906.875
2016-03-12 08:00:00,55715.25,-5848.984375
2016-03-12 09:00:00,59084.75,-5288.2109375
2016-03-12 10:00:00,60305.25,-3730.1015625
2016-03-12 11:00:00,61095.5,-498.1171875
2016-03-12 12:00:00,60068.75,96.66015625
2016-03-12 13:00:00,57601.5,-1317.640625
2016-03-12 14:00:00,55863.5,-401.63671875
2016-03-12 15:00:00,54815.5,1039.75
2016-03-12 16:00:00,54575.75,901.2890625
2016-03-12 17:00:00,56096.75,1998.57421875
2016-03-12 18:00:00,59336.75,2379.9453125
2016-03-12 19:00:00,60081.0,-909.7734375
2016-03-12 20:00:00,56151.25,-2264.61328125
2016-03-12 21:00:00,53694.25,-424.078125
2016-03-12 22:00:00,52991.25,1013.30859375
2016-03-12 23:00:00,49830.0,2153.16796875
2016-03-13 00:00:00,46295.5,538.6171875
2016-03-13 01:00:00,44105.0,1080.578125
2016-03-13 02:00:00,42946.5,274.5703125
2016-03-13 03:00:00,42426.5,-499.0703125
2016-03-13 04:00:00,43049.0,382.78125
2016-03-13 05:00:00,42492.75,-3583.67578125
2016-03-13 06:00:00,41588.5,-5875.0078125
2016-03-13 07:00:00,43383.25,-2658.015625
2016-03-13 08:00:00,47383.0,62.4140625
2016-03-13 09:00:00,50965.25,108.515625
2016-03-13 10:00:00,52834.25,-2197.56640625
2016-03-13 11:00:00,54870.5,-1030.0625
2016-03-13 12:00:00,54037.5,-1776.96875
2016-03-13 13:00:00,51869.0,-2385.7421875
2016-03-13 14:00:00,50866.25,-847.9375
2016-03-13 15:00:00,49907.5,-1422.765625
2016-03-13 16:00:00,49870.0,-1956.71875
2016-03-13 17:00:00,52229.25,-1428.01171875
2016-03-13 18:00:00,56141.5,-821.46875
2016-03-13 19:00:00,57673.75,-1569.1484375
2016-03-13 20:00:00,55371.25,-2289.80859375
2016-03-13 21:00:00,53474.0,-1950.65234375
2016-03-13 22:00:00,53694.0,-1064.328125
2016-03-13 23:00:00,50485.5,-3287.4453125
2016-03-14 00:00:00,47923.25,2558.7109375
2016-03-14 01:00:00,46257.75,1788.96484375
2016-03-14 02:00:00,45756.25,-289.06640625
2016-03-14 03:00:00,46372.25,-798.11328125
2016-03-14 04:00:00,48148.0,527.58984375
2016-03-14 05:00:00,52379.25,2079.4921875
2016-03-14 06:00:00,60674.25,4790.609375
2016-03-14 07:00:00,66131.25,1354.87109375
2016-03-14 08:00:00,68666.25,-461.671875
2016-03-14 09:00:00,69280.25,-410.1796875
2016-03-14 10:00:00,69756.75,-2017.296875
2016-03-14 11:00:00,70186.25,-1414.734375
2016-03-14 12:00:00,69485.75,1382.109375
2016-03-14 13:00:00,68912.75,123.4453125
2016-03-14 14:00:00,67371.5,-564.3203125
2016-03-14 15:00:00,66209.25,548.25
2016-03-14 16:00:00,64273.75,-450.83203125
2016-03-14 17:00:00,65093.0,-667.8046875
2016-03-14 18:00:00,68239.5,-22.140625
2016-03-14 19:00:00,70277.25,1302.3984375
2016-03-14 20:00:00,66496.0,352.3046875
2016-03-14 21:00:00,62601.5,897.34765625
2016-03-14 22:00:00,59863.25,1174.6640625
2016-03-14 23:00:00,54960.75,-2260.3671875
2016-03-15 00:00:00,51911.75,-677.1171875
2016-03-15 01:00:00,50024.0,-1425.8359375
2016-03-15 02:00:00,49259.75,-763.9609375
2016-03-15 03:00:00,49712.5,-489.67578125
2016-03-15 04:00:00,51204.75,-373.8203125
2016-03-15 05:00:00,54827.5,-229.84375
2016-03-15 06:00:00,62134.75,1104.953125
2016-03-15 07:00:00,67125.25,-628.6328125
2016-03-15 08:00:00,69846.75,-628.46875
2016-03-15 09:00:00,70549.25,-1145.921875
2016-03-15 10:00:00,71660.5,-440.671875
2016-03-15 11:00:00,73035.0,784.1796875
2016-03-15 12:00:00,72734.0,922.875
2016-03-15 13:00:00,72160.5,-78.1953125
2016-03-15 14:00:00,71041.5,-934.859375
2016-03-15 15:00:00,69977.0,1436.4609375
2016-03-15 16:00:00,68983.0,483.734375
2016-03-15 17:00:00,69338.0,-704.3359375
2016-03-15 18:00:00,71472.0,-169.3125
2016-03-15 19:00:00,72418.5,577.109375
2016-03-15 20:00:00,68078.75,-1053.09375
2016-03-15 21:00:00,63929.5,32.1171875
2016-03-15 22:00:00,60550.25,-534.48046875
2016-03-15 23:00:00,55697.25,-992.671875
2016-03-16 00:00:00,52308.5,-699.9765625
2016-03-16 01:00:00,50692.25,494.28515625
2016-03-16 02:00:00,49966.75,-3.57421875
2016-03-16 03:00:00,50243.5,492.0703125
2016-03-16 04:00:00,51812.0,994.5390625
2016-03-16 05:00:00,55632.0,1165.109375
2016-03-16 06:00:00,62859.75,3110.6171875
2016-03-16 07:00:00,68490.25,3971.4453125
2016-03-16 08:00:00,70534.5,3700.3125
2016-03-16 09:00:00,70921.75,710.5859375
2016-03-16 10:00:00,72545.5,-64.5625
2016-03-16 11:00:00,73430.0,-1494.0625
2016-03-16 12:00:00,72044.75,-2146.28125
2016-03-16 13:00:00,70737.0,-881.265625
2016-03-16 14:00:00,69110.25,-2392.5859375
2016-03-16 15:00:00,67628.5,-4048.65625
2016-03-16 16:00:00,66374.0,-3012.28125
2016-03-16 17:00:00,67438.25,-2638.7890625
2016-03-16 18:00:00,69855.5,-2430.9453125
2016-03-16 19:00:00,71988.75,1012.4140625
2016-03-16 20:00:00,68069.75,-1346.171875
2016-03-16 21:00:00,64212.0,-580.09375
2016-03-16 22:00:00,60961.0,712.74609375
2016-03-16 23:00:00,56467.75,511.2578125
2016-03-17 00:00:00,53047.25,988.6015625
2016-03-17 01:00:00,50928.75,785.1875
2016-03-17 02:00:00,49934.0,114.51171875
2016-03-17 03:00:00,50584.5,-417.8203125
2016-03-17 04:00:00,51955.0,20.96875
2016-03-17 05:00:00,55686.25,388.09375
2016-03-17 06:00:00,61914.0,198.7890625
2016-03-17 07:00:00,66738.75,2784.68359375
2016-03-17 08:00:00,68972.75,2172.4140625
2016-03-17 09:00:00,69012.25,-616.578125
2016-03-17 10:00:00,69437.75,-2084.125
2016-03-17 11:00:00,69727.5,-3582.859375
2016-03-17 12:00:00,69130.25,-3667.53125
2016-03-17 13:00:00,68504.75,-3027.9296875
2016-03-17 14:00:00,67426.5,-2529.7734375
2016-03-17 15:00:00,65508.25,-1474.9140625
2016-03-17 16:00:00,63906.25,-2298.6484375
2016-03-17 17:00:00,64728.0,-3078.9375
2016-03-17 18:00:00,67980.0,-2713.9140625
2016-03-17 19:00:00,70976.75,-812.84375
2016-03-17 20:00:00,67105.75,48.984375
2016-03-17 21:00:00,63347.75,694.8203125
2016-03-17 22:00:00,60438.25,741.01953125
2016-03-17 23:00:00,55829.0,-313.73828125
2016-03-18 00:00:00,52304.0,-700.796875
2016-03-18 01:00:00,50278.75,53.42578125
2016-03-18 02:00:00,49581.0,-157.24609375
2016-03-18 03:00:00,50457.25,549.37109375
2016-03-18 04:00:00,51950.25,551.4140625
2016-03-18 05:00:00,55424.0,517.39453125
2016-03-18 06:00:00,61903.25,911.4765625
2016-03-18 07:00:00,66979.5,68.578125
2016-03-18 08:00:00,69638.0,572.59375
2016-03-18 09:00:00,70147.75,-244.078125
2016-03-18 10:00:00,70799.75,-413.03125
2016-03-18 11:00:00,71238.75,674.125
2016-03-18 12:00:00,70178.25,-576.8515625
2016-03-18 13:00:00,69030.0,234.6875
2016-03-18 14:00:00,67021.5,-598.5703125
2016-03-18 15:00:00,65773.5,14.3125
2016-03-18 16:00:00,64742.75,253.71484375
2016-03-18 17:00:00,65469.5,-509.640625
2016-03-18 18:00:00,67516.25,-566.140625
2016-03-18 19:00:00,68623.25,393.59375
2016-03-18 20:00:00,64525.25,-852.234375
2016-03-18 21:00:00,60595.5,-165.9453125
2016-03-18 22:00:00,58110.25,1292.3828125
2016-03-18 23:00:00,53952.25,-234.58203125
2016-03-19 00:00:00,50187.0,420.2734375
2016-03-19 01:00:00,47817.75,375.4140625
2016-03-19 02:00:00,46889.75,-225.25
2016-03-19 03:00:00,46838.0,186.2265625
2016-03-19 04:00:00,47344.5,465.41015625
2016-03-19 05:00:00,47482.25,-2604.9453125
2016-03-19 06:00:00,48237.25,-4066.125
2016-03-19 07:00:00,51519.5,-1958.7578125
2016-03-19 08:00:00,55576.0,1210.5625
2016-03-19 09:00:00,58469.5,175.26953125
2016-03-19 10:00:00,59996.5,-1516.9453125
2016-03-19 11:00:00,60894.5,-513.1875
2016-03-19 12:00:00,59912.0,-104.65625
2016-03-19 13:00:00,58014.5,-816.7578125
2016-03-19 14:00:00,55966.5,-1538.0078125
2016-03-19 15:00:00,54992.25,17.76171875
2016-03-19 16:00:00,54691.0,1073.88671875
2016-03-19 17:00:00,56093.75,57.0234375
2016-03-19 18:00:00,59092.5,-526.7734375
2016-03-19 19:00:00,60298.5,692.1640625
2016-03-19 20:00:00,56595.25,-97.47265625
2016-03-19 21:00:00,53638.5,814.5703125
2016-03-19 22:00:00,52518.0,1288.1953125
2016-03-19 23:00:00,49568.5,161.15234375
2016-03-20 00:00:00,46231.0,1190.328125
2016-03-20 01:00:00,43838.75,1335.3828125
2016-03-20 02:00:00,42604.0,979.44140625
2016-03-20 03:00:00,42522.0,445.00390625
2016-03-20 04:00:00,42897.5,-598.453125
2016-03-20 05:00:00,42722.75,-2886.3828125
2016-03-20 06:00:00,42163.75,-4645.65234375
2016-03-20 07:00:00,44389.0,-2442.9921875
2016-03-20 08:00:00,48105.5,162.16015625
2016-03-20 09:00:00,51428.5,1178.671875
2016-03-20 10:00:00,53683.75,50.41015625
2016-03-20 11:00:00,55763.0,253.02734375
2016-03-20 12:00:00,54776.25,-1478.75390625
2016-03-20 13:00:00,53155.0,-1443.7734375
2016-03-20 14:00:00,51854.0,-853.2890625
2016-03-20 15:00:00,50927.0,-77.671875
2016-03-20 16:00:00,50356.0,-331.984375
2016-03-20 17:00:00,52159.25,-936.703125
2016-03-20 18:00:00,55470.5,-1163.7578125
2016-03-20 19:00:00,57394.25,-815.203125
2016-03-20 20:00:00,54989.5,-1704.3828125
2016-03-20 21:00:00,53653.5,-152.3828125
2016-03-20 22:00:00,53635.5,156.5234375
2016-03-20 23:00:00,50299.5,-2646.0078125
2016-03-21 00:00:00,47759.5,417.03125
2016-03-21 01:00:00,45967.25,-379.90234375
2016-03-21 02:00:00,45502.75,-737.5625
2016-03-21 03:00:00,45936.5,-745.05078125
2016-03-21 04:00:00,47823.25,-460.8046875
2016-03-21 05:00:00,51611.5,-195.7734375
2016-03-21 06:00:00,58596.5,2104.08984375
2016-03-21 07:00:00,64874.75,1376.1953125
2016-03-21 08:00:00,68274.0,1120.8125
2016-03-21 09:00:00,69239.75,363.4375
2016-03-21 10:00:00,70423.75,591.9453125
2016-03-21 11:00:00,71796.0,1544.2578125
2016-03-21 12:00:00,71355.5,1468.875
2016-03-21 13:00:00,70922.0,1511.640625
2016-03-21 14:00:00,69466.25,1049.765625
2016-03-21 15:00:00,68474.25,2044.296875
2016-03-21 16:00:00,67111.25,987.2265625
2016-03-21 17:00:00,67650.5,936.40625
2016-03-21 18:00:00,69552.0,230.46875
2016-03-21 19:00:00,70655.5,1923.4140625
2016-03-21 20:00:00,66649.5,207.328125
2016-03-21 21:00:00,62808.0,1029.75
2016-03-21 22:00:00,59874.75,739.1953125
2016-03-21 23:00:00,55221.5,-687.640625
2016-03-22 00:00:00,51726.75,-373.640625
2016-03-22 01:00:00,49547.75,-419.91015625
2016-03-22 02:00:00,48692.0,-1420.6015625
2016-03-22 03:00:00,49438.75,34.3203125
2016-03-22 04:00:00,50992.0,146.05859375
2016-03-22 05:00:00,54138.5,-171.453125
2016-03-22 06:00:00,61019.75,1439.28125
2016-03-22 07:00:00,66486.75,-236.890625
2016-03-22 08:00:00,69417.5,-441.703125
2016-03-22 09:00:00,69840.25,-1262.984375
2016-03-22 10:00:00,71385.0,-260.65625
2016-03-22 11:00:00,72513.0,-25.6875
2016-03-22 12:00:00,71197.75,-1150.21875
2016-03-22 13:00:00,70565.0,-104.3125
2016-03-22 14:00:00,69267.5,-712.171875
2016-03-22 15:00:00,68292.25,-205.9765625
2016-03-22 16:00:00,66750.5,-1000.359375
2016-03-22 17:00:00,66912.75,-1720.8125
2016-03-22 18:00:00,68422.25,-1155.03125
2016-03-22 19:00:00,69964.0,614.328125
2016-03-22 20:00:00,66180.25,-1539.734375
2016-03-22 21:00:00,62467.25,-233.375
2016-03-22 22:00:00,59438.0,169.17578125
2016-03-22 23:00:00,54618.25,-1885.2578125
2016-03-23 00:00:00,50927.75,-1638.32421875
2016-03-23 01:00:00,48839.5,80.19921875
2016-03-23 02:00:00,47956.75,230.8203125
2016-03-23 03:00:00,48451.0,468.7265625
2016-03-23 04:00:00,49954.75,-32.6171875
2016-03-23 05:00:00,53275.25,995.10546875
2016-03-23 06:00:00,60574.25,2324.578125
2016-03-23 07:00:00,66244.0,940.6640625
2016-03-23 08:00:00,69239.25,1896.1875
2016-03-23 09:00:00,70505.75,539.6015625
2016-03-23 10:00:00,71474.0,-1137.03125
2016-03-23 11:00:00,71680.75,-1714.90625
2016-03-23 12:00:00,70888.5,-1677.5859375
2016-03-23 13:00:00,70259.0,-1432.3203125
2016-03-23 14:00:00,68928.75,-1437.3984375
2016-03-23 15:00:00,67673.5,-1814.140625
2016-03-23 16:00:00,66514.0,-1525.9140625
2016-03-23 17:00:00,66569.0,-2925.640625
2016-03-23 18:00:00,68050.0,-2960.375
2016-03-23 19:00:00,69886.25,467.6875
2016-03-23 20:00:00,66079.5,-557.5703125
2016-03-23 21:00:00,62602.25,38.0
2016-03-23 22:00:00,60050.0,233.63671875
2016-03-23 23:00:00,55343.25,-1274.09375
2016-03-24 00:00:00,51471.0,71.953125
2016-03-24 01:00:00,49296.75,347.4375
2016-03-24 02:00:00,48538.25,88.56640625
2016-03-24 03:00:00,48839.0,-241.06640625
2016-03-24 04:00:00,50130.75,742.41796875
2016-03-24 05:00:00,53498.75,881.34375
2016-03-24 06:00:00,59133.5,604.0234375
2016-03-24 07:00:00,64842.0,1096.375
2016-03-24 08:00:00,67846.25,383.875
2016-03-24 09:00:00,68697.75,-835.59375
2016-03-24 10:00:00,69862.75,-525.75
2016-03-24 11:00:00,71081.5,969.0546875
2016-03-24 12:00:00,70092.0,-318.7421875
2016-03-24 13:00:00,68994.75,201.6875
2016-03-24 14:00:00,67391.25,156.953125
2016-03-24 15:00:00,66234.75,-206.28125
2016-03-24 16:00:00,65133.75,-610.1640625
2016-03-24 17:00:00,65205.0,-524.8125
2016-03-24 18:00:00,66503.25,-1409.375
2016-03-24 19:00:00,67626.0,-2.71875
2016-03-24 20:00:00,64321.5,36.56640625
2016-03-24 21:00:00,60087.25,-1272.5546875
2016-03-24 22:00:00,56924.25,-689.66796875
2016-03-24 23:00:00,52240.25,-1257.5234375
2016-03-25 00:00:00,48040.75,-1935.296875
2016-03-25 01:00:00,45738.0,-2224.33984375
2016-03-25 02:00:00,44181.0,-2577.1640625
2016-03-25 03:00:00,43970.0,-2325.890625
2016-03-25 04:00:00,44262.5,-2632.90625
2016-03-25 05:00:00,43514.75,-5990.56640625
2016-03-25 06:00:00,41932.0,-10566.7578125
2016-03-25 07:00:00,44134.25,-11871.3671875
2016-03-25 08:00:00,47950.25,-7762.5546875
2016-03-25 09:00:00,51523.0,-2088.94921875
2016-03-25 10:00:00,53576.75,-2244.11328125
2016-03-25 11:00:00,56036.0,-1839.20703125
2016-03-25 12:00:00,55596.25,-2086.46875
2016-03-25 13:00:00,53570.0,-4837.71484375
2016-03-25 14:00:00,52314.0,-6476.9609375
2016-03-25 15:00:00,51584.5,-4943.01953125
2016-03-25 16:00:00,51154.5,-1732.74609375
2016-03-25 17:00:00,52170.25,-1554.48046875
2016-03-25 18:00:00,54068.0,-863.3125
2016-03-25 19:00:00,55906.75,1362.62890625
2016-03-25 20:00:00,53453.25,1334.76953125
2016-03-25 21:00:00,51322.5,-124.7734375
2016-03-25 22:00:00,50383.5,2178.80859375
2016-03-25 23:00:00,47297.75,1681.078125
2016-03-26 00:00:00,44360.75,1996.67578125
2016-03-26 01:00:00,42387.0,306.88671875
2016-03-26 02:00:00,41259.25,-894.85546875
2016-03-26 03:00:00,41282.5,-1190.015625
2016-03-26 04:00:00,42059.25,791.06640625
2016-03-26 05:00:00,42924.5,415.9765625
2016-03-26 06:00:00,42906.5,-2107.578125
2016-03-26 07:00:00,45851.0,-1920.578125
2016-03-26 08:00:00,49649.0,844.41796875
2016-03-26 09:00:00,52604.25,2561.21484375
2016-03-26 10:00:00,54147.0,2675.43359375
2016-03-26 11:00:00,54971.75,2757.1875
2016-03-26 12:00:00,53929.0,4265.55859375
2016-03-26 13:00:00,51737.75,3736.0390625
2016-03-26 14:00:00,50527.0,3064.1796875
2016-03-26 15:00:00,49684.5,5614.2734375
2016-03-26 16:00:00,49247.75,6672.69921875
2016-03-26 17:00:00,50698.0,5362.6953125
2016-03-26 18:00:00,53587.0,4675.61328125
2016-03-26 19:00:00,56737.5,6470.8203125
2016-03-26 20:00:00,54182.25,6773.15625
2016-03-26 21:00:00,51134.0,4765.171875
2016-03-26 22:00:00,49862.0,4710.48046875
2016-03-26 23:00:00,45945.5,4073.38671875
2016-03-27 00:00:00,42486.5,1350.640625
2016-03-27 01:00:00,40721.5,1243.0
2016-03-27 02:00:00,40277.88,1408.1534374999974
2016-03-27 03:00:00,39834.25,-68.5703125
2016-03-27 04:00:00,39908.5,-329.125
2016-03-27 05:00:00,40816.0,279.2734375
2016-03-27 06:00:00,39773.0,-3502.2421875
2016-03-27 07:00:00,40101.75,-2165.73046875
2016-03-27 08:00:00,43378.0,29.67578125
2016-03-27 09:00:00,47343.0,2667.75
2016-03-27 10:00:00,49422.25,724.9140625
2016-03-27 11:00:00,51089.25,369.10546875
2016-03-27 12:00:00,50386.0,582.1484375
2016-03-27 13:00:00,48106.75,276.2734375
2016-03-27 14:00:00,46474.25,209.90625
2016-03-27 15:00:00,44969.0,-751.46875
2016-03-27 16:00:00,44110.75,210.26171875
2016-03-27 17:00:00,45171.5,443.5703125
2016-03-27 18:00:00,46313.25,-2648.84375
2016-03-27 19:00:00,47382.25,-127.9140625
2016-03-27 20:00:00,49627.25,3572.25
2016-03-27 21:00:00,48646.75,176.21875
2016-03-27 22:00:00,48361.75,1461.6953125
2016-03-27 23:00:00,45211.25,-1665.8671875
2016-03-28 00:00:00,42331.0,-3579.0859375
2016-03-28 01:00:00,40269.25,-387.3125
2016-03-28 02:00:00,39084.25,-881.140625
2016-03-28 03:00:00,39274.75,-2573.578125
2016-03-28 04:00:00,39793.25,-1488.12109375
2016-03-28 05:00:00,40393.0,-5301.05078125
2016-03-28 06:00:00,40041.0,-7057.20703125
2016-03-28 07:00:00,40506.5,-5185.37890625
2016-03-28 08:00:00,43444.25,-2155.01953125
2016-03-28 09:00:00,47431.75,891.03125
2016-03-28 10:00:00,49858.0,1664.96484375
2016-03-28 11:00:00,52520.0,847.42578125
2016-03-28 12:00:00,52511.5,-2152.34765625
2016-03-28 13:00:00,50238.0,-3066.7734375
2016-03-28 14:00:00,49492.5,-46.94140625
2016-03-28 15:00:00,49267.25,1929.66015625
2016-03-28 16:00:00,48229.0,-1537.3515625
2016-03-28 17:00:00,49151.5,-1675.359375
2016-03-28 18:00:00,50705.75,-1966.98046875
2016-03-28 19:00:00,51855.0,-1318.046875
2016-03-28 20:00:00,52819.5,2091.2734375
2016-03-28 21:00:00,51305.25,1177.2421875
2016-03-28 22:00:00,50880.5,906.890625
2016-03-28 23:00:00,47805.0,-468.7109375
2016-03-29 00:00:00,44324.0,-96.68359375
2016-03-29 01:00:00,41998.75,682.30859375
2016-03-29 02:00:00,41512.75,-36.203125
2016-03-29 03:00:00,41781.0,-476.9375
2016-03-29 04:00:00,43696.75,649.01953125
2016-03-29 05:00:00,48485.75,3972.9296875
2016-03-29 06:00:00,57349.25,6837.859375
2016-03-29 07:00:00,62266.25,1323.7265625
2016-03-29 08:00:00,66261.5,1617.75
2016-03-29 09:00:00,67738.75,520.0
2016-03-29 10:00:00,69416.25,646.734375
2016-03-29 11:00:00,70628.25,3030.296875
2016-03-29 12:00:00,70138.75,1780.0
2016-03-29 13:00:00,68659.25,1661.859375
2016-03-29 14:00:00,67387.25,987.21875
2016-03-29 15:00:00,66354.5,2042.2578125
2016-03-29 16:00:00,64578.5,839.1015625
2016-03-29 17:00:00,63849.5,539.0
2016-03-29 18:00:00,63587.0,-538.41796875
2016-03-29 19:00:00,63701.25,816.98828125
2016-03-29 20:00:00,63805.5,3533.125
2016-03-29 21:00:00,60825.75,638.5390625
2016-03-29 22:00:00,58006.75,883.9296875
2016-03-29 23:00:00,53727.0,-246.78125
2016-03-30 00:00:00,49958.75,819.453125
2016-03-30 01:00:00,47396.25,495.0546875
2016-03-30 02:00:00,46502.25,501.2265625
2016-03-30 03:00:00,47101.5,615.75
2016-03-30 04:00:00,48858.5,1205.8203125
2016-03-30 05:00:00,52171.75,1423.203125
2016-03-30 06:00:00,59097.5,2598.1953125
2016-03-30 07:00:00,64203.75,1430.75
2016-03-30 08:00:00,67500.5,-112.6640625
2016-03-30 09:00:00,68885.0,-482.125
2016-03-30 10:00:00,70245.5,570.2265625
2016-03-30 11:00:00,72001.75,1420.5625
2016-03-30 12:00:00,71149.25,427.5625
2016-03-30 13:00:00,69980.25,546.0703125
2016-03-30 14:00:00,68872.0,-16.4765625
2016-03-30 15:00:00,66885.0,373.359375
2016-03-30 16:00:00,65136.0,-569.3828125
2016-03-30 17:00:00,64531.5,-312.046875
2016-03-30 18:00:00,64528.75,-697.375
2016-03-30 19:00:00,64967.75,-264.8203125
2016-03-30 20:00:00,64809.75,2615.98828125
2016-03-30 21:00:00,61920.75,-122.484375
2016-03-30 22:00:00,58713.25,92.21484375
2016-03-30 23:00:00,53783.0,-1077.2421875
2016-03-31 00:00:00,49986.25,-264.3046875
2016-03-31 01:00:00,47588.5,-531.046875
2016-03-31 02:00:00,46210.5,1.6875
2016-03-31 03:00:00,46695.25,372.203125
2016-03-31 04:00:00,48338.75,665.19921875
2016-03-31 05:00:00,51755.0,1126.8515625
2016-03-31 06:00:00,58795.75,2884.0859375
2016-03-31 07:00:00,63983.0,963.390625
2016-03-31 08:00:00,66779.75,-499.6328125
2016-03-31 09:00:00,67925.0,-490.46875
2016-03-31 10:00:00,69299.0,-226.7421875
2016-03-31 11:00:00,70202.75,-360.2265625
2016-03-31 12:00:00,69515.0,386.953125
2016-03-31 13:00:00,68741.0,856.5546875
2016-03-31 14:00:00,67831.0,-538.171875
2016-03-31 15:00:00,66620.5,124.625
2016-03-31 16:00:00,64864.75,671.8203125
2016-03-31 17:00:00,64734.5,-162.359375
2016-03-31 18:00:00,64754.75,-930.4375
2016-03-31 19:00:00,65478.0,-125.015625
2016-03-31 20:00:00,65016.0,1571.6796875
2016-03-31 21:00:00,61710.75,627.953125
2016-03-31 22:00:00,58225.0,369.71875
2016-03-31 23:00:00,53734.25,262.84375
2016-04-01 00:00:00,50511.0,828.80078125
2016-04-01 01:00:00,48663.0,1829.1484375
2016-04-01 02:00:00,47582.0,42.84375
2016-04-01 03:00:00,47877.75,997.578125
2016-04-01 04:00:00,49617.5,1766.5703125
2016-04-01 05:00:00,52893.5,2054.74609375
2016-04-01 06:00:00,59402.0,3326.828125
2016-04-01 07:00:00,64492.0,1372.43359375
2016-04-01 08:00:00,67860.75,1391.34375
2016-04-01 09:00:00,69184.75,254.3203125
2016-04-01 10:00:00,70262.0,298.1015625
2016-04-01 11:00:00,70970.5,806.296875
2016-04-01 12:00:00,69496.25,367.4609375
2016-04-01 13:00:00,67436.25,407.3515625
2016-04-01 14:00:00,65412.25,158.99609375
2016-04-01 15:00:00,63908.0,341.05859375
2016-04-01 16:00:00,62353.75,429.671875
2016-04-01 17:00:00,62155.25,612.0078125
2016-04-01 18:00:00,62216.25,-216.09375
2016-04-01 19:00:00,62529.5,563.421875
2016-04-01 20:00:00,63242.25,3039.1484375
2016-04-01 21:00:00,60026.0,474.375
2016-04-01 22:00:00,57067.75,1249.77734375
2016-04-01 23:00:00,53293.5,675.40625
2016-04-02 00:00:00,48882.25,-554.8125
2016-04-02 01:00:00,46488.0,770.3515625
2016-04-02 02:00:00,45277.75,-57.265625
2016-04-02 03:00:00,44882.25,-624.93359375
2016-04-02 04:00:00,45353.0,-139.28125
2016-04-02 05:00:00,45816.25,-1899.38671875
2016-04-02 06:00:00,46904.75,-2823.20703125
2016-04-02 07:00:00,49031.0,-1911.09375
2016-04-02 08:00:00,52986.25,445.390625
2016-04-02 09:00:00,55910.25,306.7109375
2016-04-02 10:00:00,57501.5,-1147.015625
2016-04-02 11:00:00,58023.25,-1217.40234375
2016-04-02 12:00:00,56570.5,-1298.6953125
2016-04-02 13:00:00,54603.5,-815.609375
2016-04-02 14:00:00,52527.75,-1162.0
2016-04-02 15:00:00,51388.0,-333.9140625
2016-04-02 16:00:00,50845.75,-660.92578125
2016-04-02 17:00:00,51308.25,-750.6015625
2016-04-02 18:00:00,52231.75,-1422.78515625
2016-04-02 19:00:00,52851.0,-975.9375
2016-04-02 20:00:00,53495.75,946.953125
2016-04-02 21:00:00,51208.0,-733.24609375
2016-04-02 22:00:00,49653.25,417.0
2016-04-02 23:00:00,46550.0,-503.9296875
2016-04-03 00:00:00,43058.0,126.40234375
2016-04-03 01:00:00,40539.0,-330.88671875
2016-04-03 02:00:00,39151.0,-165.23046875
2016-04-03 03:00:00,38589.75,-822.7578125
2016-04-03 04:00:00,39145.25,-691.26171875
2016-04-03 05:00:00,39455.5,-1634.484375
2016-04-03 06:00:00,39266.5,-3871.08984375
2016-04-03 07:00:00,40641.0,-2417.53125
2016-04-03 08:00:00,44569.5,939.265625
2016-04-03 09:00:00,48066.25,592.61328125
2016-04-03 10:00:00,50725.0,570.8359375
2016-04-03 11:00:00,52473.75,53.765625
2016-04-03 12:00:00,51222.0,-1016.2109375
2016-04-03 13:00:00,49578.0,-866.6015625
2016-04-03 14:00:00,47268.5,-209.09765625
2016-04-03 15:00:00,46065.0,-630.72265625
2016-04-03 16:00:00,45854.25,-641.6484375
2016-04-03 17:00:00,47284.75,606.7265625
2016-04-03 18:00:00,49714.5,153.9140625
2016-04-03 19:00:00,51186.25,-339.4453125
2016-04-03 20:00:00,52842.25,1754.51171875
2016-04-03 21:00:00,51093.0,-571.56640625
2016-04-03 22:00:00,49839.75,821.15625
2016-04-03 23:00:00,46082.0,-756.765625
2016-04-04 00:00:00,42878.5,-239.1875
2016-04-04 01:00:00,40840.75,823.078125
2016-04-04 02:00:00,40347.5,880.99609375
2016-04-04 03:00:00,40446.5,-1944.9765625
2016-04-04 04:00:00,42101.75,651.56640625
2016-04-04 05:00:00,47388.75,4135.39453125
2016-04-04 06:00:00,57534.5,7865.62109375
2016-04-04 07:00:00,63341.25,2477.5546875
2016-04-04 08:00:00,66027.0,-2552.9375
2016-04-04 09:00:00,66273.5,-4029.65625
2016-04-04 10:00:00,67588.5,436.125
2016-04-04 11:00:00,68978.0,1199.46875
2016-04-04 12:00:00,68354.0,-714.078125
2016-04-04 13:00:00,67596.0,-1563.8671875
2016-04-04 14:00:00,66597.25,1297.390625
2016-04-04 15:00:00,65052.25,1798.3203125
2016-04-04 16:00:00,62890.0,-845.78515625
2016-04-04 17:00:00,62417.0,-1311.1484375
2016-04-04 18:00:00,62665.0,-2446.51953125
2016-04-04 19:00:00,62890.75,-1064.0859375
2016-04-04 20:00:00,62886.0,1360.859375
2016-04-04 21:00:00,59509.25,158.140625
2016-04-04 22:00:00,55245.5,-1407.640625
2016-04-04 23:00:00,50405.75,-1709.515625
2016-04-05 00:00:00,46802.5,-1550.265625
2016-04-05 01:00:00,44715.0,-1634.890625
2016-04-05 02:00:00,44059.5,-1588.7734375
2016-04-05 03:00:00,44674.5,-619.26953125
2016-04-05 04:00:00,46205.75,319.96875
2016-04-05 05:00:00,50491.75,512.4296875
2016-04-05 06:00:00,59445.5,3120.94140625
2016-04-05 07:00:00,64707.75,-470.59765625
2016-04-05 08:00:00,67480.5,-1614.1875
2016-04-05 09:00:00,67483.5,-3289.078125
2016-04-05 10:00:00,68360.75,-3578.5078125
2016-04-05 11:00:00,69548.0,-1625.5625
2016-04-05 12:00:00,68780.5,-1076.5625
2016-04-05 13:00:00,67873.5,-439.359375
2016-04-05 14:00:00,66669.75,-1437.921875
2016-04-05 15:00:00,65682.75,-1702.4296875
2016-04-05 16:00:00,64496.75,-2145.484375
2016-04-05 17:00:00,64234.25,-1391.96875
2016-04-05 18:00:00,64452.25,-1240.96875
2016-04-05 19:00:00,64765.75,-862.8203125
2016-04-05 20:00:00,64569.25,-1594.3203125
2016-04-05 21:00:00,61199.0,-2430.78125
2016-04-05 22:00:00,57323.25,-1900.03125
2016-04-05 23:00:00,52484.5,-1639.58984375
2016-04-06 00:00:00,48789.5,-2083.421875
2016-04-06 01:00:00,46879.25,-2385.41796875
2016-04-06 02:00:00,45795.0,-1450.59765625
2016-04-06 03:00:00,46426.5,700.02734375
2016-04-06 04:00:00,48022.5,3445.5703125
2016-04-06 05:00:00,51836.0,4025.0859375
2016-04-06 06:00:00,60464.25,6277.41796875
2016-04-06 07:00:00,65730.0,4291.1953125
2016-04-06 08:00:00,68278.25,388.875
2016-04-06 09:00:00,68772.5,-3031.71875
2016-04-06 10:00:00,69912.75,-5212.28125
2016-04-06 11:00:00,70920.75,-4023.25
2016-04-06 12:00:00,70211.5,-3790.4609375
2016-04-06 13:00:00,69922.5,87.59375
2016-04-06 14:00:00,67620.25,-439.234375
2016-04-06 15:00:00,66563.75,-1517.2578125
2016-04-06 16:00:00,65478.75,52.4453125
2016-04-06 17:00:00,65294.0,196.015625
2016-04-06 18:00:00,65299.75,365.515625
2016-04-06 19:00:00,65175.75,-647.46875
2016-04-06 20:00:00,65450.0,-692.890625
2016-04-06 21:00:00,62177.5,-1574.07421875
2016-04-06 22:00:00,58340.0,-3513.48828125
2016-04-06 23:00:00,53178.75,-3445.37890625
2016-04-07 00:00:00,49463.0,488.29296875
2016-04-07 01:00:00,47197.0,-315.578125
2016-04-07 02:00:00,46103.0,-1129.3046875
2016-04-07 03:00:00,46770.5,1573.54296875
2016-04-07 04:00:00,48538.75,299.96875
2016-04-07 05:00:00,52047.75,-186.734375
2016-04-07 06:00:00,59852.75,2762.0234375
2016-04-07 07:00:00,65077.25,172.61328125
2016-04-07 08:00:00,67855.25,-968.765625
2016-04-07 09:00:00,68584.25,-442.046875
2016-04-07 10:00:00,70146.25,411.1875
2016-04-07 11:00:00,71057.0,-266.546875
2016-04-07 12:00:00,70303.75,-514.296875
2016-04-07 13:00:00,69868.75,1281.8125
2016-04-07 14:00:00,68851.0,413.578125
2016-04-07 15:00:00,67349.5,-918.0859375
2016-04-07 16:00:00,65628.75,-325.2109375
2016-04-07 17:00:00,64826.25,117.6953125
2016-04-07 18:00:00,64401.5,-475.84375
2016-04-07 19:00:00,64041.5,-977.5546875
2016-04-07 20:00:00,63993.0,1189.9140625
2016-04-07 21:00:00,61279.0,-438.0546875
2016-04-07 22:00:00,57826.0,212.1484375
2016-04-07 23:00:00,53133.0,-626.19921875
2016-04-08 00:00:00,49264.0,227.77734375
2016-04-08 01:00:00,47194.75,773.4296875
2016-04-08 02:00:00,46297.5,-330.4375
2016-04-08 03:00:00,46844.0,953.94140625
2016-04-08 04:00:00,48462.75,1261.0546875
2016-04-08 05:00:00,52300.75,676.13671875
2016-04-08 06:00:00,60336.75,3744.8203125
2016-04-08 07:00:00,65442.0,711.07421875
2016-04-08 08:00:00,67590.75,176.09375
2016-04-08 09:00:00,67772.5,-668.25
2016-04-08 10:00:00,68497.5,-423.7109375
2016-04-08 11:00:00,69539.25,1626.4609375
2016-04-08 12:00:00,68792.75,-241.75
2016-04-08 13:00:00,67213.5,784.0078125
2016-04-08 14:00:00,65211.25,218.89453125
2016-04-08 15:00:00,63694.25,27.625
2016-04-08 16:00:00,62287.75,845.796875
2016-04-08 17:00:00,61921.75,703.0078125
2016-04-08 18:00:00,61736.75,79.3515625
2016-04-08 19:00:00,61386.75,221.0859375
2016-04-08 20:00:00,61151.25,1004.0234375
2016-04-08 21:00:00,58574.0,809.4765625
2016-04-08 22:00:00,54990.0,171.68359375
2016-04-08 23:00:00,50739.25,645.9296875
