"ds","y","yhat","residuals"
2016-01-01 18:00:00,52797.25,51225.915512791,1571.33448720902
2016-01-02 18:00:00,60431.25,51756.4107992013,8674.83920079866
2016-01-03 18:00:00,57888.5,51337.1021259336,6551.39787406643
2016-01-04 18:00:00,70768.25,67729.1356230653,3039.11437693471
2016-01-05 17:00:00,71862.75,68691.8912227945,3170.85877720552
2016-01-06 17:00:00,68980.5,59943.6975788877,9036.8024211123
2016-01-07 17:00:00,74199.5,71723.8350503299,2475.66494967006
2016-01-08 08:00:00,71473.25,69962.1646957035,1511.08530429646
2016-01-09 18:00:00,62274,59712.9096915786,2561.09030842141
2016-01-10 18:00:00,59470.75,55739.6080746243,3731.14192537568
2016-01-11 10:00:00,79285,72467.0034859393,6817.99651406065
2016-01-12 17:00:00,74867.25,76594.1625235119,-1726.91252351188
2016-01-13 17:00:00,75190.75,74393.0313562597,797.718643740256
2016-01-14 18:00:00,74703.25,73461.7792469238,1241.47075307617
2016-01-15 11:00:00,74677.25,73068.7653154018,1608.48468459815
2016-01-16 18:00:00,64550.5,63458.6401046878,1091.85989531223
2016-01-17 18:00:00,61811.5,58901.0729543505,2910.42704564947
2016-01-18 18:00:00,76541.5,76597.9388789869,-56.4388789869117
2016-01-19 18:00:00,77175.25,77108.1315670986,67.1184329013777
2016-01-20 18:00:00,76147.5,77006.4697082982,-858.969708298246
2016-01-21 18:00:00,76340,75208.8335754558,1131.16642454421
2016-01-22 08:00:00,75204.25,75010.8918467913,193.358153208697
2016-01-23 18:00:00,64784.5,64553.6939436178,230.806056382215
2016-01-24 18:00:00,61396.5,59674.6031154233,1721.89688457668
2016-01-25 18:00:00,74068.75,77006.0493012338,-2937.29930123377
2016-01-26 18:00:00,73942.5,76295.1571184589,-2352.65711845894
2016-01-27 18:00:00,74231,75440.2228476387,-1209.22284763865
2016-01-28 18:00:00,73692.5,73997.9046921856,-305.404692185635
2016-01-29 18:00:00,72917.25,73280.2054782225,-362.955478222459
2016-01-30 11:00:00,63552.5,63054.7421406481,497.757859351863
2016-01-31 18:00:00,58661.75,58551.9536476761,109.79635232385
2016-02-01 18:00:00,75266.5,74470.8279884875,795.67201151255
2016-02-02 11:00:00,75341.5,75990.9416533864,-649.441653386384
2016-02-03 18:00:00,74832.5,75508.6486467628,-676.148646762784
2016-02-04 11:00:00,74452.75,73934.1947242562,518.555275743842
2016-02-05 11:00:00,73393.25,73460.2138144318,-66.963814431816
2016-02-06 18:00:00,62439.5,63192.4088397473,-752.908839747295
2016-02-07 18:00:00,59246,57940.7373489898,1305.26265101019
2016-02-08 18:00:00,72646.25,74710.3662536284,-2064.11625362844
2016-02-09 11:00:00,73460.25,74577.0835194193,-1116.83351941928
2016-02-10 11:00:00,74529.25,74233.1746443729,296.075355627065
2016-02-11 18:00:00,73072.75,73367.1969205706,-294.446920570568
2016-02-12 11:00:00,72117.5,72398.7771407522,-281.277140752165
2016-02-13 18:00:00,63524,62230.4087325871,1293.59126741287
2016-02-14 18:00:00,59898.5,58083.9182136477,1814.58178635233
2016-02-15 11:00:00,74806.75,74877.3166534665,-70.5666534664633
2016-02-16 11:00:00,74392.25,75606.0772746376,-1213.82727463757
2016-02-17 18:00:00,75136,74814.0997547711,321.90024522887
2016-02-18 18:00:00,73589.25,73826.6674579953,-237.417457995281
2016-02-19 11:00:00,73935.25,72848.7174327471,1086.5325672529
2016-02-20 11:00:00,65514.5,63222.0872080818,2292.41279191822
2016-02-21 18:00:00,60912.5,59307.7596339055,1604.74036609454
2016-02-22 11:00:00,74458,76096.2019428603,-1638.20194286029
2016-02-23 18:00:00,73576.5,75897.3318710523,-2320.83187105232
2016-02-24 11:00:00,72777.75,74792.2779276085,-2014.52792760849
2016-02-25 18:00:00,72908.5,72821.1508276794,87.3491723205807
2016-02-26 09:00:00,71263.25,72482.2043414613,-1218.95434146127
2016-02-27 18:00:00,61077.5,61973.2283634199,-895.728363419854
2016-02-28 19:00:00,58883.75,56919.9922277687,1963.75777223131
2016-02-29 18:00:00,72242,73942.1481110046,-1700.14811100459
2016-03-01 12:00:00,76270.5,73824.3170261989,2446.18297380109
2016-03-02 11:00:00,74178,75257.0085035681,-1079.00850356811
2016-03-03 11:00:00,73371.75,73060.0731506902,311.676849309821
2016-03-04 11:00:00,72736,72441.5334062509,294.466593749137
2016-03-05 11:00:00,60757.25,62505.7816418966,-1748.53164189655
2016-03-06 19:00:00,58407.75,56803.0243619964,1604.72563800355
2016-03-07 11:00:00,71574.75,73592.4788944191,-2017.72889441912
2016-03-08 11:00:00,73220.25,73462.0477614192,-241.797761419235
2016-03-09 19:00:00,72329.25,73529.8945482653,-1200.64454826531
2016-03-10 19:00:00,71350,71724.7371785715,-374.737178571522
2016-03-11 11:00:00,71703.25,70895.5848745955,807.665125404528
2016-03-12 11:00:00,61095.5,61511.804604196,-416.304604196033
2016-03-13 19:00:00,57673.75,56528.8536111099,1144.89638889005
2016-03-14 19:00:00,70277.25,72656.1444700262,-2378.89447002618
2016-03-15 11:00:00,73035,72360.6339488496,674.366051150369
2016-03-16 11:00:00,73430,72968.2229702404,461.777029759556
2016-03-17 19:00:00,70976.75,71877.1383316583,-900.388331658309
2016-03-18 11:00:00,71238.75,70480.224173541,758.525826458994
2016-03-19 11:00:00,60894.5,61125.463255806,-230.963255805989
2016-03-20 19:00:00,57394.25,56246.5535569803,1147.69644301972
2016-03-21 11:00:00,71796,72246.9688661366,-450.968866136609
2016-03-22 11:00:00,72513,73025.7645330193,-512.764533019305
2016-03-23 11:00:00,71680.75,72709.8289064806,-1029.07890648064
2016-03-24 11:00:00,71081.5,70895.3144480015,186.185551998526
2016-03-25 11:00:00,56036,61389.1687745034,-5353.16877450339
2016-03-26 19:00:00,56737.5,57942.827801074,-1205.32780107404
2016-03-27 11:00:00,51089.25,46624.3406659387,4464.90933406132
2016-03-28 20:00:00,52819.5,62688.0287430421,-9868.52874304214
2016-03-29 11:00:00,70628.25,66539.7466360812,4088.50336391882
2016-03-30 11:00:00,72001.75,69794.4267116592,2207.32328834076
2016-03-31 11:00:00,70202.75,69299.0142732779,903.73572672208
2016-04-01 11:00:00,70970.5,68447.3151276087,2523.18487239127
2016-04-02 11:00:00,58023.25,59922.7992226708,-1899.54922267079
2016-04-03 20:00:00,52842.25,54245.4627544951,-1403.21275449506
2016-04-04 11:00:00,68978,67935.6745809617,1042.32541903832
2016-04-05 11:00:00,69548,70181.368899752,-633.368899752022
2016-04-06 11:00:00,70920.75,69671.1807718829,1249.56922811714
2016-04-07 11:00:00,71057,69008.0073436237,2048.99265637631
2016-04-08 11:00:00,69539.25,69132.9057232031,406.344276796866
2016-04-09 10:00:00,57173.75,59403.6958523248,-2229.94585232483
2016-04-10 11:00:00,51834.25,53518.3925910822,-1684.14259108221
2016-04-11 11:00:00,68588.75,67275.6766004586,1313.07339954145
2016-04-12 11:00:00,69125.75,69520.1431148603,-394.393114860315
2016-04-13 11:00:00,70301.75,69254.7262504108,1047.02374958916
2016-04-14 11:00:00,70011.25,68507.4137355584,1503.83626444159
2016-04-15 11:00:00,70640,68361.9227672569,2278.07723274306
2016-04-16 11:00:00,58945.75,59644.545256404,-698.795256404039
2016-04-17 11:00:00,53275.75,54300.2283562481,-1024.47835624811
2016-04-18 11:00:00,68934.75,68371.6776444218,563.072355578173
2016-04-19 11:00:00,69924,69985.5200123103,-61.5200123103277
2016-04-20 11:00:00,68452.25,69950.573414079,-1498.323414079
2016-04-21 11:00:00,67635.25,67847.8252154043,-212.575215404286
2016-04-22 11:00:00,68071.75,67188.6716601476,883.078339852422
2016-04-23 11:00:00,58349.25,58340.2669513912,8.98304860877397
2016-04-24 11:00:00,53053.25,53719.5067709482,-666.256770948166
2016-04-25 11:00:00,70707.75,67835.9069788079,2871.84302119209
2016-04-26 11:00:00,71687,70610.5511962546,1076.44880374537
2016-04-27 11:00:00,71979,70801.9470259373,1177.05297406267
2016-04-28 11:00:00,70406.75,69791.123933254,615.62606674603
2016-04-29 11:00:00,69845.75,69069.892413994,775.857586006023
2016-04-30 11:00:00,57090.5,59759.5362273215,-2669.03622732151
2016-05-01 11:00:00,50600,47389.320819881,3210.67918011899
2016-05-02 11:00:00,67843.75,70871.3095914128,-3027.55959141276
2016-05-03 11:00:00,70137.5,69887.3967547636,250.103245236445
2016-05-04 11:00:00,68636.25,70285.3911619388,-1649.14116193875
2016-05-05 11:00:00,51864.75,60517.9260652397,-8653.17606523972
2016-05-06 11:00:00,61831.5,62632.5421723545,-801.042172354479
2016-05-07 11:00:00,56002.25,54664.9924909469,1337.2575090531
2016-05-08 11:00:00,50784,51636.977112967,-852.97711296699
2016-05-09 11:00:00,69608.5,64890.4294761396,4718.07052386036
2016-05-10 11:00:00,69443,68820.8279477772,622.172052222784
2016-05-11 11:00:00,69841.25,68499.6368610449,1341.61313895509
2016-05-12 11:00:00,71127.5,67386.7187625732,3740.78123742683
2016-05-13 11:00:00,69304,68797.4996746658,506.500325334186
2016-05-14 11:00:00,57381.5,58762.7018698993,-1381.20186989933
2016-05-15 11:00:00,51281.5,47391.6177171534,3889.88228284661
2016-05-16 11:00:00,51787,63074.2504744577,-11287.2504744577
2016-05-17 11:00:00,68746.25,64355.4346771997,4390.81532280032
2016-05-18 11:00:00,69052.5,68220.3082665116,832.191733488449
2016-05-19 11:00:00,70237.75,67223.4656694161,3014.28433058392
2016-05-20 11:00:00,70461.5,68021.2499662929,2440.25003370713
2016-05-21 11:00:00,57896.25,59044.5398950728,-1148.28989507283
2016-05-22 12:00:00,52388,53775.0360317819,-1387.03603178188
2016-05-23 11:00:00,69793.25,67054.4782180209,2738.77178197907
2016-05-24 11:00:00,71336.5,70221.8851307941,1114.61486920594
2016-05-25 11:00:00,69634.5,70459.6819416098,-825.181941609815
2016-05-26 11:00:00,58304.25,61094.1883681806,-2789.93836818056
2016-05-27 11:00:00,64627.75,66326.125337903,-1698.37533790301
2016-05-28 11:00:00,56783.25,56456.4203395044,326.829660495569
2016-05-29 12:00:00,52781,52644.8474174916,136.152582508425
2016-05-30 11:00:00,71035.5,66987.9583936005,4047.54160639946
2016-05-31 11:00:00,70587.25,70348.8895830735,238.360416926473
2016-06-01 11:00:00,69983.75,69863.3185647183,120.431435281673
2016-06-02 11:00:00,69501.5,68381.8295532129,1119.67044678707
2016-06-03 11:00:00,68590.25,68395.0812858385,195.16871416154
2016-06-04 11:00:00,57332.5,58628.0069507297,-1295.5069507297
2016-06-05 11:00:00,51067.25,53473.844257016,-2406.59425701599
2016-06-06 11:00:00,68443.5,66371.7478525686,2071.75214743138
2016-06-07 11:00:00,68921.75,69131.6904594983,-209.940459498321
2016-06-08 11:00:00,69139,68872.162570853,266.837429146995
2016-06-09 11:00:00,68389.75,67782.5814163164,607.168583683582
2016-06-10 11:00:00,67766.5,67500.3476358445,266.152364155496
2016-06-11 11:00:00,55950.5,57910.6463915422,-1960.14639154221
2016-06-12 11:00:00,51462.25,52539.7565652367,-1077.5065652367
2016-06-13 11:00:00,68579.25,66247.4561893416,2331.79381065836
2016-06-14 11:00:00,69293.5,68963.0053939262,330.494606073829
2016-06-15 11:00:00,68880.5,68898.1930368987,-17.6930368986796
2016-06-16 11:00:00,68942,67548.1647050183,1393.83529498166
2016-06-17 11:00:00,69422.5,67663.7642279413,1758.73577205867
2016-06-18 11:00:00,57642,58659.0688868253,-1017.06888682528
2016-06-19 11:00:00,51568,53569.9442602737,-2001.94426027368
2016-06-20 11:00:00,68070.5,66608.8127297698,1461.68727023019
2016-06-21 11:00:00,68810,68949.8645427403,-139.864542740266
2016-06-22 11:00:00,69361.25,68776.5504053703,584.699594629696
2016-06-23 11:00:00,70497.75,67862.7942784893,2634.95572151073
2016-06-24 11:00:00,70606.25,68644.7668330172,1961.48316698278
2016-06-25 11:00:00,59021,59445.2336639293,-424.233663929306
2016-06-26 11:00:00,51104,54504.8167675002,-3400.8167675002
2016-06-27 11:00:00,69814.5,66642.7883797988,3171.71162020123
2016-06-28 11:00:00,69440.75,70150.6575462723,-709.907546272312
2016-06-29 11:00:00,70592.75,69492.3174339079,1100.43256609207
2016-06-30 11:00:00,69913.75,68903.9350583263,1009.81494167366
2016-07-01 11:00:00,69959.25,68715.2137295114,1244.03627048859
2016-07-02 11:00:00,58278.25,59357.0058130984,-1078.75581309843
2016-07-03 11:00:00,50776,54250.9409240942,-3474.94092409421
2016-07-04 11:00:00,68712.25,66479.0202484839,2233.22975151606
2016-07-05 11:00:00,70952.5,69511.5280093184,1440.97199068163
2016-07-06 11:00:00,71140,70195.3638777144,944.636122285636
2016-07-07 11:00:00,69126.25,69249.7035024824,-123.453502482444
2016-07-08 11:00:00,69831,68429.8475292032,1401.15247079676
2016-07-09 11:00:00,57518.25,59321.2054570891,-1802.95545708911
2016-07-10 11:00:00,51765.75,53840.5378577857,-2074.78785778565
2016-07-11 11:00:00,71612,67110.086192296,4501.91380770398
2016-07-12 11:00:00,69969.5,71191.669906562,-1222.16990656203
2016-07-13 11:00:00,69064.5,70006.4030382047,-941.90303820472
2016-07-14 11:00:00,69773.75,68275.5848821982,1498.16511780176
2016-07-15 11:00:00,69397,68733.7340960593,663.265903940715
2016-07-16 11:00:00,57093.25,59101.0683736169,-2007.81837361689
2016-07-17 11:00:00,51650.25,53623.1974261853,-1972.94742618526
2016-07-18 11:00:00,68363.5,67010.6391220243,1352.86087797572
2016-07-19 11:00:00,69497.5,69306.1450718754,191.354928124565
2016-07-20 11:00:00,70154,69354.0685196757,799.931480324347
2016-07-21 11:00:00,70364.5,68537.7824577219,1826.71754227814
2016-07-22 11:00:00,69152,68911.5362739421,240.463726057904
2016-07-23 11:00:00,57254,58953.7486713042,-1699.74867130423
2016-07-24 12:00:00,50461.25,53679.9846144668,-3218.73461446679
2016-07-25 11:00:00,69264.25,66138.2122761218,3126.03772387815
2016-07-26 11:00:00,69660.5,69647.8440693119,12.6559306881099
2016-07-27 11:00:00,68991,69426.3657900581,-435.365790058073
2016-07-28 11:00:00,68444.25,67960.2814390588,483.968560941226
2016-07-29 11:00:00,67636.25,67775.7689791729,-139.518979172877
2016-07-30 11:00:00,55860.75,57981.24449792,-2120.49449792004
2016-07-31 11:00:00,49978,52705.1195589952,-2727.11955899517
2016-08-01 11:00:00,66508.25,65364.0524109366,1144.1975890634
2016-08-02 11:00:00,67870,67659.4623961821,210.53760381788
2016-08-03 11:00:00,68505.5,67817.2525417446,688.247458255399
2016-08-04 11:00:00,69056,67034.9645831316,2021.03541686838
2016-08-05 11:00:00,66519,67567.2828810911,-1048.28288109106
2016-08-06 11:00:00,55264.75,57110.8544828514,-1846.10448285137
2016-08-07 11:00:00,49082,52068.8962958473,-2986.89629584731
2016-08-08 11:00:00,68133.75,64286.1425435848,3847.60745641518
2016-08-09 11:00:00,66845.75,68152.9643576981,-1307.21435769813
2016-08-10 11:00:00,66632,67129.2706579944,-497.270657994392
2016-08-11 11:00:00,66147.5,65798.5223895991,348.977610400863
2016-08-12 11:00:00,67203.75,65585.2530076655,1618.49699233452
2016-08-13 11:00:00,56921.75,56911.6914500301,10.0585499699155
2016-08-14 11:00:00,49683,52623.0191103496,-2940.01911034957
2016-08-15 11:00:00,64110.5,57370.7633617774,6739.73663822262
2016-08-16 11:00:00,66746.25,70200.1959586631,-3453.94595866307
2016-08-17 11:00:00,66205.25,67492.6269816804,-1287.37698168038
2016-08-18 11:00:00,67203.75,65868.8242309662,1334.92576903384
2016-08-19 11:00:00,66649.75,66367.1917402734,282.558259726589
2016-08-20 12:00:00,56723,56787.83612115,-64.8361211500305
2016-08-21 11:00:00,50673.25,52698.0373017522,-2024.7873017522
2016-08-22 11:00:00,68669.5,65605.5689475938,3063.9310524062
2016-08-23 11:00:00,68539.25,68549.6736055833,-10.4236055833026
2016-08-24 11:00:00,68645.75,68292.3707698777,353.3792301223
2016-08-25 11:00:00,68997.5,67250.2907949583,1747.20920504174
2016-08-26 11:00:00,69253.75,67627.5562992824,1626.19370071765
2016-08-27 11:00:00,57626.5,58365.8080372452,-739.308037245151
2016-08-28 20:00:00,51299,53649.990484664,-2350.990484664
2016-08-29 11:00:00,70118.5,66645.592569304,3472.90743069604
2016-08-30 11:00:00,68238.25,69866.424673925,-1628.17467392499
2016-08-31 11:00:00,67913.5,68731.1398626364,-817.639862636424
2016-09-01 11:00:00,68059.25,67289.7052863798,769.544713620155
2016-09-02 11:00:00,67635.75,67389.5950717463,246.154928253702
2016-09-03 11:00:00,55752.75,57711.6601790643,-1958.91017906431
2016-09-04 12:00:00,51950.5,52625.3461586244,-674.846158624408
2016-09-05 11:00:00,68190.75,66807.0192759679,1383.73072403208
2016-09-06 11:00:00,67309.25,68640.9868780678,-1331.73687806781
2016-09-07 11:00:00,67602.25,67928.1696539181,-325.919653918056
2016-09-08 11:00:00,69109,66794.9776723391,2314.02232766086
2016-09-09 11:00:00,68375,67656.5762698563,718.423730143695
2016-09-10 11:00:00,55720.75,57937.776816442,-2217.02681644196
2016-09-11 11:00:00,50503.75,52596.6006109513,-2092.85061095126
2016-09-12 11:00:00,68047.75,65792.1346271067,2255.61537289334
2016-09-13 12:00:00,69345,68323.0865855235,1021.91341447653
2016-09-14 12:00:00,68336.5,68836.6458682692,-500.145868269246
2016-09-15 12:00:00,68958,67301.3385931966,1656.66140680344
2016-09-16 11:00:00,67136,67708.3271488801,-572.327148880097
2016-09-17 11:00:00,55809,57419.5979829392,-1610.59798293918
2016-09-18 11:00:00,51277,52601.2069697715,-1324.20696977147
2016-09-19 11:00:00,67889.75,66346.0114166548,1543.73858334518
2016-09-20 11:00:00,67736.25,68339.9216443906,-603.671644390648
2016-09-21 11:00:00,66510.25,68004.343251721,-1494.09325172102
2016-09-22 11:00:00,65689.5,66189.9640385676,-500.464038567559
2016-09-23 11:00:00,66575.5,65680.7530123638,894.746987636172
2016-09-24 11:00:00,55110,56667.4841460627,-1557.48414606268
2016-09-25 20:00:00,51670,51855.2853157941,-185.285315794077
2016-09-26 11:00:00,67592.5,66162.7349732444,1429.76502675557
2016-09-27 11:00:00,68397.25,67849.2759614013,547.974038598724
2016-09-28 11:00:00,70013.75,68071.2010023062,1942.54899769377
2016-09-29 11:00:00,70003,67906.9973223559,2096.00267764406
2016-09-30 11:00:00,69433.5,68299.5172669487,1133.98273305131
2016-10-01 11:00:00,55946,58544.9427310492,-2598.94273104919
2016-10-02 11:00:00,51506,52912.0566705296,-1406.05667052959
2016-10-03 19:00:00,54639.75,59527.3314750202,-4887.58147502018
2016-10-04 11:00:00,70021.5,65014.0889854148,5007.4110145852
2016-10-05 11:00:00,69642,68724.5011160035,917.498883996479
2016-10-06 11:00:00,72162,67744.3172143693,4417.68278563066
2016-10-07 11:00:00,71476.5,69361.4685379627,2115.0314620373
2016-10-08 11:00:00,58048.5,59486.8819169932,-1438.38191699317
2016-10-09 19:00:00,55255.25,54217.4862788058,1037.76372119423
2016-10-10 11:00:00,70430.25,69766.8949694068,663.355030593171
2016-10-11 11:00:00,70954.25,70877.52287653,76.727123470002
2016-10-12 11:00:00,72048.5,70919.5021013635,1128.99789863649
2016-10-13 11:00:00,72137.25,70450.4954192314,1686.75458076858
2016-10-14 11:00:00,71285.25,70726.7468110923,558.503188907722
2016-10-15 11:00:00,58531.5,60296.287878204,-1764.78787820401
2016-10-16 19:00:00,55464,55103.1900102064,360.809989793612
2016-10-17 12:00:00,70232.5,70670.2235037354,-437.723503735411
2016-10-18 11:00:00,71654.5,71346.7673788648,307.732621135219
2016-10-19 11:00:00,72592.5,71748.812899209,843.687100790994
2016-10-20 11:00:00,72556.75,71176.3030542331,1380.44694576686
2016-10-21 11:00:00,72249.75,71340.12191422,909.62808578003
2016-10-22 11:00:00,59271,61018.3565023404,-1747.35650234044
2016-10-23 19:00:00,56550.25,55741.1549413299,809.095058670107
2016-10-24 11:00:00,71738.5,71748.6596615683,-10.1596615682938
2016-10-25 11:00:00,72167.75,72596.087576179,-428.337576179038
2016-10-26 11:00:00,70925,72524.7756668685,-1599.77566686847
2016-10-27 11:00:00,71329.25,70721.6276172946,607.622382705435
2016-10-28 11:00:00,71915.75,70855.1033348284,1060.64666517156
2016-10-29 18:00:00,58180.5,60807.9244790869,-2627.42447908694
2016-10-30 18:00:00,56164,55086.3249979852,1077.67500201485
2016-10-31 18:00:00,64231.75,62772.4253949424,1459.3246050576
2016-11-01 18:00:00,62906.5,64046.223279981,-1139.72327998102
2016-11-02 11:00:00,73116.75,72568.8956663682,547.854333631825
2016-11-03 18:00:00,72586,71961.3133486015,624.686651398457
2016-11-04 11:00:00,71990.5,71854.0128121117,136.487187888299
2016-11-05 18:00:00,62225.5,60961.400025082,1264.09997491801
2016-11-06 18:00:00,59241.75,57293.3704790049,1948.37952099509
2016-11-07 17:00:00,73446.5,74300.0249004363,-853.5249004363
2016-11-08 17:00:00,74834.75,74332.9689882578,501.781011742249
2016-11-09 17:00:00,75068.75,74834.7234338155,234.026566184504
2016-11-10 17:00:00,74830.25,73886.1977885633,944.052211436734
2016-11-11 11:00:00,74747.75,73926.424139284,821.325860715966
2016-11-12 18:00:00,63979.5,62954.1502171396,1025.34978286039
2016-11-13 18:00:00,61319.25,58977.297161686,2341.95283831398
2016-11-14 17:00:00,76333.75,76682.9823538958,-349.232353895786
2016-11-15 11:00:00,76577,76960.2400077471,-383.240007747067
2016-11-16 11:00:00,75929,67116.4718300243,8812.5281699757
2016-11-17 17:00:00,76068.5,80746.3746868317,-4677.87468683174
2016-11-18 11:00:00,74065.75,76848.6171223098,-2782.86712230982
2016-11-19 17:00:00,63116.25,64245.9199045741,-1129.66990457413
2016-11-20 18:00:00,61090,59583.02270186,1506.97729813999
2016-11-21 17:00:00,75468.5,77408.747678944,-1940.24767894404
2016-11-22 17:00:00,74362.75,77111.7700130587,-2749.0200130587
2016-11-23 17:00:00,74416.75,76160.8642875436,-1744.11428754365
2016-11-24 17:00:00,75218.25,74597.2563118393,620.993688160699
2016-11-25 17:00:00,73426.75,74826.0984516619,-1399.34845166186
2016-11-26 17:00:00,63136.25,62904.0110172697,232.238982730327
2016-11-27 18:00:00,59870.5,58806.7792119529,1063.72078804708
2016-11-28 17:00:00,76555.5,75823.9037393449,731.596260655118
2016-11-29 17:00:00,77870.25,76854.9354039239,1015.3145960761
2016-11-30 17:00:00,78182.75,77555.3122316808,627.437768319156
2016-12-01 17:00:00,77206,76642.5360502312,563.463949768804
2016-12-02 11:00:00,74391.75,76389.274284437,-1997.52428443704
2016-12-03 17:00:00,63951,63855.9133116734,95.086688326599
2016-12-04 18:00:00,61885.75,59652.5070449735,2233.24295502647
2016-12-05 17:00:00,77296.75,77772.3001505612,-475.550150561248
2016-12-06 17:00:00,77684.5,78034.7432028464,-350.243202846395
2016-12-07 17:00:00,79218,78142.0795868098,1075.92041319024
2016-12-08 17:00:00,76309.75,77641.8880648373,-1332.1380648373
2016-12-09 11:00:00,74859.25,76360.0676419216,-1500.81764192163
2016-12-10 17:00:00,62480.25,64270.8129646004,-1790.56296460037
2016-12-11 18:00:00,61040.75,59186.3855126471,1854.36448735287
2016-12-12 17:00:00,75555,77272.7918701024,-1717.7918701024
2016-12-13 17:00:00,75928.25,77057.1679399067,-1128.91793990669
2016-12-14 17:00:00,75297,77103.0769274947,-1806.07692749467
2016-12-15 17:00:00,75900.75,75379.7675713352,520.982428664778
2016-12-16 08:00:00,73979.25,75668.2385223107,-1688.98852231065
2016-12-17 17:00:00,63948.25,63614.4345667367,333.815433263349
2016-12-18 18:00:00,60120,59679.3289648578,440.671035142215
2016-12-19 17:00:00,73391.25,76633.6719684642,-3242.42196846416
2016-12-20 17:00:00,74180.25,75957.3516850902,-1777.10168509017
2016-12-21 17:00:00,74255.75,75970.7729480611,-1715.02294806113
2016-12-22 17:00:00,71650.5,74498.2752032245,-2847.77520322448
2016-12-23 17:00:00,67692.5,73003.0069614226,-5310.50696142256
2016-12-24 17:00:00,57364.75,60276.9422500928,-2912.19225009282
2016-12-25 11:00:00,54846,48496.0791061416,6349.92089385838
2016-12-26 18:00:00,53925.75,66177.4169745761,-12251.6669745761
2016-12-27 17:00:00,63218.5,70164.9244975052,-6946.42449750524
2016-12-28 17:00:00,62255.5,67792.4882833473,-5536.98828334727
2016-12-29 18:00:00,62512,65069.8903542631,-2557.8903542631
2016-12-30 17:00:00,61657.25,63920.5497098881,-2263.29970988806
2016-12-31 17:00:00,58511,53578.5965410483,4932.40345895169
2017-01-01 18:00:00,55528.25,45367.3445977595,10160.9054022405
2017-01-02 17:00:00,70463.5,71312.6785486052,-849.178548605225
2017-01-03 17:00:00,74107.25,70202.5097790604,3904.74022093957
2017-01-04 11:00:00,73758.75,71597.2331658725,2161.51683412751
2017-01-05 17:00:00,73153,71033.3289943189,2119.67100568111
2017-01-06 18:00:00,69877.25,62265.5019344837,7611.74806551633
2017-01-07 18:00:00,65873.5,61869.4325583879,4004.06744161205
2017-01-08 18:00:00,61566.75,58330.9323274694,3235.81767253065
2017-01-09 17:00:00,76084,75050.4568962201,1033.54310377994
2017-01-10 17:00:00,76869.5,75867.2052801216,1002.29471987844
2017-01-11 11:00:00,78078.5,76318.4589098323,1760.04109016768
2017-01-12 11:00:00,75841,76231.6026333109,-390.602633310933
2017-01-13 11:00:00,76602.75,75207.4986436098,1395.25135639025
2017-01-14 18:00:00,64873.5,63973.1793109087,900.320689091306
2017-01-15 18:00:00,62288.5,60023.0344968263,2265.4655031737
2017-01-16 18:00:00,75850.75,77249.1238004266,-1398.37380042665
2017-01-17 17:00:00,76715,77547.5005694811,-832.500569481053
2017-01-18 18:00:00,76992.5,77452.8361990769,-460.336199076948
2017-01-19 18:00:00,77334.25,76566.3310096682,767.918990331789
2017-01-20 08:00:00,76000.75,76297.4362598074,-296.686259807393
2017-01-21 18:00:00,65559.5,64197.9529371872,1361.54706281283
2017-01-22 18:00:00,63096.5,60516.968281885,2579.53171811496
2017-01-23 18:00:00,77123.75,77950.8556530769,-827.105653076884
2017-01-24 11:00:00,78217,78493.0305079033,-276.030507903255
2017-01-25 11:00:00,77808.75,78599.8632982177,-791.113298217664
2017-01-26 18:00:00,77819,77493.2587526388,325.741247361235
2017-01-27 08:00:00,76199.75,77047.4462358379,-847.69623583791
2017-01-28 18:00:00,66129.75,64677.7320787393,1452.0179212607
2017-01-29 18:00:00,62740,61044.4826342331,1695.51736576691
2017-01-30 11:00:00,76882.25,78190.5615422792,-1308.31154227916
2017-01-31 11:00:00,76698.5,78631.1133059543,-1932.61330595431
2017-02-01 18:00:00,76003.5,78113.291007242,-2109.79100724198
2017-02-02 18:00:00,75893,76674.8113619073,-781.811361907254
2017-02-03 11:00:00,75317.75,75945.3112977415,-627.561297741544
2017-02-04 18:00:00,64479,63932.9645945692,546.035405430754
2017-02-05 18:00:00,60799.75,60057.4825243506,742.267475649445
2017-02-06 18:00:00,75109,76485.9211717583,-1376.92117175825
2017-02-07 11:00:00,76624.25,77004.3517382795,-380.101738279496
2017-02-08 11:00:00,76456.25,77113.4275246738,-657.177524673811
2017-02-09 18:00:00,77128.25,76093.841702771,1034.40829722901
2017-02-10 11:00:00,76926.5,75912.2417951471,1014.25820485291
2017-02-11 18:00:00,65876,64263.1493590199,1612.85064098013
2017-02-12 18:00:00,62266.75,60562.5140914264,1704.23590857356
2017-02-13 18:00:00,76513.5,77446.4661707057,-932.966170705666
2017-02-14 18:00:00,74955,78010.3746674753,-3055.37466747532
2017-02-15 18:00:00,74683.5,76929.8160550822,-2246.31605508219
2017-02-16 18:00:00,74912.25,75571.1263146167,-658.876314616718
2017-02-17 11:00:00,75061.25,74949.2437440275,112.006255972476
2017-02-18 18:00:00,63210.5,63282.5004501567,-72.0004501566655
2017-02-19 18:00:00,60178.25,59120.8759565389,1057.3740434611
2017-02-20 11:00:00,75618.25,75512.4111232007,105.838876799346
2017-02-21 11:00:00,75869,76582.0934213705,-713.093421370519
2017-02-22 11:00:00,76047.25,76367.463391789,-320.213391789046
2017-02-23 18:00:00,74930.5,75574.4567010489,-643.956701048912
2017-02-24 11:00:00,72801.5,74692.9000253445,-1891.40002534448
2017-02-25 18:00:00,63330.75,62295.524646246,1035.22535375395
2017-02-26 18:00:00,58109.5,58781.8878020455,-672.387802045516
2017-02-27 11:00:00,70473.5,74104.6451648673,-3631.14516486734
2017-02-28 11:00:00,73658.25,73819.5631865178,-161.3131865178
2017-03-01 11:00:00,74123.5,74193.7111249208,-70.2111249208101
2017-03-02 11:00:00,74115.75,73515.219826431,600.530173568986
2017-03-03 11:00:00,71266.75,73114.9102069035,-1848.16020690346
2017-03-04 19:00:00,59642.75,60887.0513259436,-1244.30132594355
2017-03-05 19:00:00,58833,56546.4823760946,2286.51762390538
2017-03-06 11:00:00,73379,73005.5372819153,373.462718084746
2017-03-07 11:00:00,73770.5,74003.4833788807,-232.983378880701
2017-03-08 12:00:00,74955.75,73959.0283063535,996.721693646483
2017-03-09 11:00:00,73721.25,73629.925091317,91.3249086830474
2017-03-10 11:00:00,71281.5,72854.0563444561,-1572.55634445611
2017-03-11 19:00:00,60815.25,60781.1639919958,34.0860080041748
2017-03-12 19:00:00,58559.25,56934.2879778162,1624.96202218385
2017-03-13 19:00:00,70288,73038.558409094,-2750.558409094
2017-03-14 19:00:00,71980.75,72794.5657310896,-813.815731089606
2017-03-15 11:00:00,70968.25,72860.8175113894,-1892.56751138938
2017-03-16 19:00:00,70212.75,71489.8806807893,-1277.13068078928
2017-03-17 11:00:00,72007,70448.1497498999,1558.85025010006
2017-03-18 11:00:00,63029.5,59959.7010370613,3069.79896293874
2017-03-19 19:00:00,61626,57098.8892865074,4527.11071349256
2017-03-20 11:00:00,72100.25,74282.3108134369,-2182.06081343688
2017-03-21 11:00:00,72384,73726.9293477017,-1342.92934770166
2017-03-22 11:00:00,72813.75,73446.8591432803,-633.109143280337
2017-03-23 11:00:00,71474,72690.9516385321,-1216.9516385321
2017-03-24 11:00:00,72360.25,71612.7243617787,747.525638221268
2017-03-25 11:00:00,58257.75,60750.1181607418,-2492.36816074183
2017-03-26 20:00:00,53724.75,55763.6588340817,-2038.90883408173
2017-03-27 11:00:00,69444.25,69800.2987942288,-356.048794228787
2017-03-28 11:00:00,69828.25,71115.3843695723,-1287.13436957228
2017-03-29 12:00:00,70240.25,70711.7990700953,-471.549070095338
2017-03-30 11:00:00,69557.75,69951.421363726,-393.671363725953
2017-03-31 11:00:00,69155.75,69373.6826203928,-217.932620392763
2017-04-01 11:00:00,57748.5,58304.4004707647,-555.900470764711
2017-04-02 11:00:00,51835,54183.7745947319,-2348.77459473188
2017-04-03 11:00:00,68728.5,67547.7026970334,1180.79730296663
2017-04-04 11:00:00,68251,69324.2258679453,-1073.22586794531
2017-04-05 12:00:00,69470.75,68878.70701479,592.04298521005
2017-04-06 11:00:00,70654,68583.4852551524,2070.51474484761
2017-04-07 11:00:00,70265.5,68967.0727019566,1298.42729804342
2017-04-08 11:00:00,57165.75,58279.4633455447,-1113.7133455447
2017-04-09 11:00:00,52818.25,53675.6909911508,-857.440991150783
2017-04-10 11:00:00,70571.25,67848.4247833521,2722.82521664786
2017-04-11 11:00:00,70342.25,70052.2622816728,289.987718327204
2017-04-12 11:00:00,69977.25,69977.3839288679,-0.133928867871873
2017-04-13 11:00:00,70528.25,69171.1677657139,1357.08223428614
2017-04-14 11:00:00,53637.75,62286.2420996702,-8648.49209967017
2017-04-15 12:00:00,56323.75,54517.0702646091,1806.67973539094
2017-04-16 11:00:00,51306.5,46730.160131242,4576.33986875802
2017-04-17 11:00:00,51395.25,62116.7174004654,-10721.4674004654
2017-04-18 11:00:00,70507.5,64566.5730323052,5940.92696769481
2017-04-19 11:00:00,71140.5,67960.4394992844,3180.06050071561
2017-04-20 11:00:00,70469.75,68212.1366291935,2257.61337080652
2017-04-21 11:00:00,71287.5,67980.514760551,3306.98523944897
2017-04-22 11:00:00,60051.5,58068.6362163921,1982.86378360789
2017-04-23 11:00:00,55431,54809.4699628754,621.53003712459
2017-04-24 11:00:00,70416.25,69429.8203533309,986.429646669145
2017-04-25 11:00:00,71474,70643.768447834,830.231552166006
2017-04-26 11:00:00,71183.75,71005.82936673,177.920633270027
2017-04-27 11:00:00,71184.75,70356.1341955596,828.615804440444
2017-04-28 11:00:00,70537.75,69906.9016973611,630.8483026389
2017-04-29 11:00:00,54894.75,59013.0039828788,-4118.25398287878
2017-04-30 11:00:00,51841.75,53728.4131432818,-1886.66314328182
2017-05-01 12:00:00,52577.75,59583.1925302511,-7005.44253025114
2017-05-02 11:00:00,71737.25,65761.8855475745,5975.36445242554
2017-05-03 11:00:00,70735.25,68848.2975302188,1886.95246978123
2017-05-04 11:00:00,71693.25,68546.3026660756,3146.94733392437
2017-05-05 11:00:00,70689.75,68823.9698886995,1865.78011130047
2017-05-06 11:00:00,58600.25,58133.7852075282,466.464792471816
2017-05-07 12:00:00,53570.5,54363.4294340301,-792.929434030113
2017-05-08 11:00:00,70881.5,68292.1943810455,2589.30561895449
2017-05-09 11:00:00,68708.75,70339.0528984579,-1630.30289845789
2017-05-10 11:00:00,68473.25,69696.4347126099,-1223.18471260986
2017-05-11 11:00:00,67300,68988.7283084719,-1688.72830847188
2017-05-12 11:00:00,68784,67679.8870791971,1104.11292080289
2017-05-13 11:00:00,57176.25,57297.3355446206,-121.085544620611
2017-05-14 11:00:00,51265.25,53561.5677762822,-2296.31777628221
2017-05-15 11:00:00,68559,66618.2129876712,1940.78701232879
2017-05-16 11:00:00,69880.25,68733.5303403574,1146.71965964259
2017-05-17 11:00:00,69853,69088.8515667239,764.148433276103
2017-05-18 11:00:00,70602.75,68819.1334792907,1783.61652070927
2017-05-19 11:00:00,69223.75,68660.6952806374,563.054719362553
2017-05-20 11:00:00,57928.5,57695.020284725,233.479715274982
2017-05-21 11:00:00,51592.25,53911.0763174976,-2318.82631749757
2017-05-22 11:00:00,67727.25,67245.0884091246,482.161590875388
2017-05-23 11:00:00,68590.5,68614.9049856639,-24.404985663874
2017-05-24 11:00:00,68842.5,68739.5829375794,102.917062420587
2017-05-25 11:00:00,51950.75,60382.2804807818,-8431.53048078177
2017-05-26 11:00:00,61117.75,64005.0698035804,-2887.31980358037
2017-05-27 11:00:00,56002.5,53454.499038621,2548.00096137897
2017-05-28 11:00:00,51221.5,51252.6546745114,-31.154674511381
2017-05-29 12:00:00,69227,64844.3648228276,4382.63517717238
2017-05-30 11:00:00,70272.25,67359.2498459499,2913.00015405008
2017-05-31 11:00:00,70018,68204.9111491538,1813.08885084616
2017-06-01 11:00:00,68246.75,67964.3594707784,282.390529221608
2017-06-02 11:00:00,68491.5,67114.6045048552,1376.89549514481
2017-06-03 11:00:00,56412,56833.7644777665,-421.764477766461
2017-06-04 11:00:00,49872,46195.7458715011,3676.25412849893
2017-06-05 12:00:00,49576.25,60801.2326944927,-11224.9826944927
2017-06-06 11:00:00,69677.75,64420.5556335952,5257.19436640476
2017-06-07 11:00:00,70083.5,67772.3473628762,2311.15263712376
2017-06-08 11:00:00,67858,67763.6636607144,94.3363392855681
2017-06-09 11:00:00,69263.25,66935.9683919758,2327.28160802422
2017-06-10 11:00:00,57411,56904.2292880395,506.770711960467
2017-06-11 11:00:00,50745.5,53310.1319996814,-2564.6319996814
2017-06-12 12:00:00,69934.75,66141.0073776369,3793.74262236313
2017-06-13 11:00:00,69803,68769.0602105586,1033.93978944137
2017-06-14 11:00:00,67146.25,69031.2821955383,-1885.03219553827
2017-06-15 11:00:00,57365.5,58815.8509129052,-1450.35091290525
2017-06-16 11:00:00,65625.5,66684.2955259242,-1058.79552592422
2017-06-17 11:00:00,56365,55863.20693942,501.793060580043
2017-06-18 11:00:00,50636,52557.2597362282,-1921.25973622821
2017-06-19 11:00:00,68752.25,65607.5294856936,3144.72051430641
2017-06-20 11:00:00,70126.75,67909.8268290572,2216.9231709428
2017-06-21 11:00:00,69681.25,68564.142418384,1117.10758161604
2017-06-22 11:00:00,71248.25,68112.8507151893,3135.39928481066
2017-06-23 11:00:00,70694.25,68444.5919735715,2249.65802642854
2017-06-24 11:00:00,58642.25,57989.198077817,653.05192218304
2017-06-25 12:00:00,52087.75,54362.2518629847,-2274.50186298469
2017-06-26 11:00:00,69901.25,67696.4045713865,2204.84542861351
2017-06-27 11:00:00,68935,69789.056102986,-854.056102985982
2017-06-28 11:00:00,69726.25,69479.7363175947,246.513682405319
2017-06-29 11:00:00,68920.25,69032.4956926671,-112.2456926671
2017-06-30 11:00:00,70550,68377.8453721632,2172.1546278368
2017-07-01 11:00:00,58231.5,58162.1435031384,69.3564968616047
2017-07-02 11:00:00,51790.25,54389.0272489274,-2598.77724892743
2017-07-03 11:00:00,68127.25,67646.0707981405,481.179201859544
2017-07-04 11:00:00,68920,69157.7257322247,-237.725732224673
2017-07-05 11:00:00,69342.25,69211.2271488315,131.022851168484
2017-07-06 11:00:00,69314,68707.6765223902,606.323477609796
2017-07-07 11:00:00,70453,68358.9086301148,2094.09136988519
2017-07-08 11:00:00,58291.25,58064.5424703767,226.707529623265
2017-07-09 11:00:00,51126,54371.897751817,-3245.89775181701
2017-07-10 11:00:00,69576.25,67275.0264535514,2301.22354644859
2017-07-11 11:00:00,69302.25,69483.415749876,-181.16574987596
2017-07-12 11:00:00,70409.75,69453.4388233843,956.311176615738
2017-07-13 11:00:00,68191,69265.0161517768,-1074.01615177678
2017-07-14 12:00:00,68135.25,68250.9154189636,-115.665418963603
2017-07-15 11:00:00,56225.25,57462.7800508064,-1237.5300508064
2017-07-16 11:00:00,51167.5,53470.7662506235,-2303.26625062348
2017-07-17 11:00:00,68300,66734.7795268263,1565.22047317369
2017-07-18 11:00:00,68761.25,68629.3556128111,131.894387188877
2017-07-19 11:00:00,70272,68782.3404129914,1489.65958700862
2017-07-20 11:00:00,69689,68707.9567652115,981.043234788536
2017-07-21 11:00:00,67595.75,68391.495004838,-795.745004837969
2017-07-22 11:00:00,57203.5,57241.3015511876,-37.8015511876292
2017-07-23 11:00:00,49922.25,53706.4737635869,-3784.22376358694
2017-07-24 11:00:00,67453.25,66262.6493740333,1190.60062596675
2017-07-25 11:00:00,68843.75,68169.5433870901,674.206612909926
2017-07-26 11:00:00,69313.25,68613.8480966121,699.401903387872
2017-07-27 11:00:00,68780.25,68238.0925068425,542.157493157487
2017-07-28 11:00:00,67501.75,67832.0510304006,-330.301030400617
2017-07-29 11:00:00,56917.5,56976.1553152416,-58.6553152415581
2017-07-30 11:00:00,51341,53419.3314690325,-2078.3314690325
2017-07-31 11:00:00,67084,66675.2975584078,408.702441592235
2017-08-01 11:00:00,68247,68146.5777588293,100.422241170687
2017-08-02 11:00:00,67751,68440.594753589,-689.594753588986
2017-08-03 11:00:00,69702.5,67629.9849268772,2072.51507312282
2017-08-04 11:00:00,68837,67878.7989876217,958.201012378267
2017-08-05 11:00:00,55674,57336.6690570151,-1662.66905701515
2017-08-06 11:00:00,48932.25,53140.6231283055,-4208.37312830545
2017-08-07 11:00:00,65966,65446.8768249267,519.12317507332
2017-08-08 11:00:00,67414.5,67224.082877229,190.417122770959
2017-08-09 11:00:00,68065.75,67579.257035912,486.492964088029
2017-08-10 11:00:00,67301,67215.8113826304,85.1886173695966
2017-08-11 11:00:00,67426.25,66700.4937831901,725.756216809896
2017-08-12 11:00:00,55398.25,56357.258277685,-959.008277684959
2017-08-13 11:00:00,49398,52453.0557186922,-3055.05571869219
2017-08-14 11:00:00,64677.75,64998.9750069216,-321.225006921559
2017-08-15 11:00:00,65624,57554.1214859887,8069.87851401133
2017-08-16 11:00:00,67605.25,70268.2456370307,-2662.99563703073
2017-08-17 11:00:00,67428.5,67699.3045333019,-270.804533301911
2017-08-18 11:00:00,68606.75,67188.6492688381,1418.10073116195
2017-08-19 11:00:00,56516.25,57033.0676406102,-516.817640610156
2017-08-20 11:00:00,50086.75,53187.9931999719,-3101.24319997188
2017-08-21 11:00:00,68012.25,65629.9430928497,2382.3069071503
2017-08-22 11:00:00,66589.25,68470.3246909501,-1881.07469095009
2017-08-23 11:00:00,65938,67727.8388792004,-1789.83887920038
2017-08-24 11:00:00,68069.5,66688.5814588621,1380.91854113787
2017-08-25 11:00:00,67325.75,66964.5838706456,361.166129354358
2017-08-26 11:00:00,55948.5,56352.5512406356,-404.051240635607
2017-08-27 12:00:00,49894.75,52671.8223919919,-2777.07239199185
2017-08-28 11:00:00,67208.5,65170.9964643996,2037.50353560044
2017-08-29 11:00:00,68555,67812.9022235447,742.097776455324
2017-08-30 11:00:00,69425.25,68097.9642074626,1327.28579253741
2017-08-31 11:00:00,68646,67984.2847367692,661.715263230813
2017-09-01 11:00:00,66763.5,67577.7755488684,-814.275548868434
2017-09-02 11:00:00,54926.5,56505.5349117679,-1579.03491176789
2017-09-03 11:00:00,49643.5,52500.7443673072,-2857.24436730723
2017-09-04 11:00:00,66904,65048.2732038467,1855.72679615326
2017-09-05 11:00:00,67090.5,67784.6207624552,-694.120762455248
2017-09-06 11:00:00,71102,67570.7687664656,3531.23123353445
2017-09-07 11:00:00,67998.5,68430.3206350832,-431.82063508319
2017-09-08 11:00:00,70254.75,67349.2194025579,2905.53059744206
2017-09-09 11:00:00,57872.75,57560.3474674144,312.402532585562
2017-09-10 20:00:00,51547.25,53809.5229847045,-2262.27298470445
2017-09-11 11:00:00,68938.5,66703.6164978852,2234.88350211483
2017-09-12 11:00:00,70043,69472.7832326174,570.216767382604
2017-09-13 11:00:00,72347.75,69735.5711287967,2612.17887120327
2017-09-14 11:00:00,70276.75,70003.3970576037,273.352942396305
2017-09-15 11:00:00,68923.5,69336.7084579681,-413.208457968067
2017-09-16 11:00:00,56892.5,58165.2572428661,-1272.75724286607
2017-09-17 20:00:00,51776.25,54093.1720722869,-2316.92207228687
2017-09-18 11:00:00,68799.25,67324.0084213958,1475.24157860421
2017-09-19 11:00:00,68636.25,69909.1095036301,-1272.8595036301
2017-09-20 11:00:00,69479,69653.8565397641,-174.856539764136
2017-09-21 11:00:00,69018.5,69076.8433934114,-58.3433934113709
2017-09-22 11:00:00,67876.75,68665.7893094931,-789.039309493106
2017-09-23 11:00:00,57169,57533.5797764968,-364.579776496801
2017-09-24 19:00:00,53234.75,53858.846409468,-624.096409467951
2017-09-25 11:00:00,69328.75,67730.0874486703,1598.66255132972
2017-09-26 11:00:00,69362.25,70062.871495656,-700.621495655971
2017-09-27 11:00:00,69388.5,69981.7584052124,-593.258405212357
2017-09-28 11:00:00,69498.5,69152.9244634958,345.575536504242
2017-09-29 11:00:00,68950.25,68890.9111524242,59.3388475758111
2017-09-30 11:00:00,57874,57997.1824642853,-123.182464285266
2017-10-01 19:00:00,53235.5,54303.1723307527,-1067.67233075274
2017-10-02 11:00:00,64928,68031.1575278756,-3103.15752787561
2017-10-03 19:00:00,56311,59629.8044101211,-3318.80441012107
2017-10-04 11:00:00,70360.5,67722.6546176718,2637.84538232817
2017-10-05 11:00:00,71983.75,68589.6375182105,3394.11248178947
2017-10-06 11:00:00,72347.5,69164.3680782715,3183.13192172846
2017-10-07 11:00:00,59871,58900.8418246992,970.158175300763
2017-10-08 19:00:00,56095.75,55815.3102868986,280.439713101376
2017-10-09 11:00:00,69892.75,69799.5636723893,93.1863276107179
2017-10-10 11:00:00,72189.25,71137.7537709984,1051.49622900164
2017-10-11 11:00:00,73105.5,71949.6511169039,1155.84888309607
2017-10-12 11:00:00,72627,71557.5863544874,1069.41364551257
2017-10-13 11:00:00,70404.5,71324.2753741544,-919.775374154444
2017-10-14 10:00:00,58372,59676.1150823754,-1304.11508237541
2017-10-15 19:00:00,55876.5,55489.685643457,386.814356543036
2017-10-16 11:00:00,69159.5,70585.0244156881,-1425.52441568807
2017-10-17 11:00:00,70799.75,71433.1236726026,-633.373672602567
2017-10-18 11:00:00,70392.5,71792.5932414809,-1400.09324148088
2017-10-19 11:00:00,69780,70667.8279137337,-887.82791373365
2017-10-20 11:00:00,70940,70028.5886851129,911.411314887111
2017-10-21 11:00:00,59482.75,59450.350658106,32.3993418939936
2017-10-22 19:00:00,56435.25,55643.219951634,792.030048365952
2017-10-23 11:00:00,72347.5,70503.1322299753,1844.36777002475
2017-10-24 11:00:00,72053,72649.5676611589,-596.567661158915
2017-10-25 11:00:00,72512.25,72595.297056572,-83.0470565720025
2017-10-26 11:00:00,70082.5,71875.5563684327,-1793.05636843268
2017-10-27 11:00:00,72201.5,70707.9872552379,1493.51274476213
2017-10-28 11:00:00,61346,60286.0444713492,1059.95552865077
2017-10-29 18:00:00,57713.75,56733.505512358,980.244487641998
2017-10-30 18:00:00,64535.25,71781.050984407,-7245.80098440699
2017-10-31 18:00:00,57853.25,60950.5478152554,-3097.29781525541
2017-11-01 17:00:00,67923.5,60793.9302067713,7129.56979322873
2017-11-02 18:00:00,70114.25,73089.1965266375,-2974.94652663749
2017-11-03 11:00:00,69475.5,70580.4366553059,-1104.93665530594
2017-11-04 18:00:00,62274.5,59365.5776007234,2908.9223992766
2017-11-05 18:00:00,58196,56692.5181854694,1503.48181453055
2017-11-06 18:00:00,71809.25,71514.1192836257,295.13071637426
2017-11-07 17:00:00,73349.25,72901.257137455,447.992862544997
2017-11-08 17:00:00,72466.25,73607.6499347174,-1141.39993471742
2017-11-09 17:00:00,73133.5,72154.818381973,978.681618026996
2017-11-10 11:00:00,74409.5,72166.2577694653,2243.24223053473
2017-11-11 11:00:00,64516.5,61525.947135937,2990.55286406296
2017-11-12 18:00:00,60108.5,58323.1124844707,1785.38751552928
2017-11-13 17:00:00,73053.5,73593.2138115881,-539.713811588066
2017-11-14 17:00:00,74454.5,74652.7877359477,-198.287735947655
2017-11-15 17:00:00,72472.5,75214.3300879961,-2741.83008799613
2017-11-16 17:00:00,74796.25,73195.3914105328,1600.85858946716
2017-11-17 17:00:00,72752,73816.7491542258,-1064.74915422579
2017-11-18 17:00:00,64741.25,61899.7974907559,2841.45250924413
2017-11-19 18:00:00,61044,58984.273418047,2059.72658195299
2017-11-20 17:00:00,75170,74602.5830834097,567.4169165903
2017-11-21 17:00:00,74768.5,76103.1459529454,-1334.64595294543
2017-11-22 17:00:00,73423,65312.9064602107,8110.09353978928
2017-11-23 17:00:00,75856.25,78483.4926943912,-2627.24269439116
2017-11-24 11:00:00,73164.25,75974.2157568376,-2809.96575683756
2017-11-25 17:00:00,63649.75,63395.0238921896,254.726107810377
2017-11-26 18:00:00,62460.25,59640.0002032902,2820.24979670985
2017-11-27 17:00:00,78284,76212.6936933194,2071.30630668062
2017-11-28 17:00:00,76887.75,78309.8342621454,-1422.08426214538
2017-11-29 17:00:00,74948.75,78055.1481769261,-3106.39817692613
2017-11-30 17:00:00,75682.25,76098.2980021986,-416.048002198644
2017-12-01 11:00:00,73717.75,75876.803758008,-2159.05375800797
2017-12-02 17:00:00,64512.25,63586.5429859427,925.707014057261
2017-12-03 18:00:00,63295,60030.5639572226,3264.43604277736
2017-12-04 11:00:00,77886.25,76757.5750821159,1128.67491788411
2017-12-05 17:00:00,78707.75,78348.4331106588,359.316889341208
2017-12-06 17:00:00,77434.25,78785.4146019844,-1351.16460198439
2017-12-07 17:00:00,79175.75,77295.948768972,1879.80123102805
2017-12-08 11:00:00,78037.75,77675.6582811573,362.091718842741
2017-12-09 17:00:00,66788.25,65604.7287575257,1183.52124247434
2017-12-10 18:00:00,64368.5,61701.6142476992,2666.8857523008
2017-12-11 17:00:00,77972.5,78425.9263923149,-453.426392314912
2017-12-12 17:00:00,78538.75,79454.1897548117,-915.439754811654
2017-12-13 17:00:00,79405.25,79572.2241043067,-166.974104306704
2017-12-14 17:00:00,78436.75,78840.8133787028,-404.06337870282
2017-12-15 10:00:00,74411.25,78275.0862646363,-3863.83626463631
2017-12-16 17:00:00,65253.5,65100.316165722,153.183834277981
2017-12-17 18:00:00,62477.25,61466.0891655219,1011.16083447811
2017-12-18 17:00:00,75381,77716.5968930791,-2335.59689307907
2017-12-19 17:00:00,74603,78523.1937917437,-3920.19379174373
2017-12-20 17:00:00,73229.75,78045.3331819551,-4815.58318195509
2017-12-21 11:00:00,72132.5,76176.7106464249,-4044.21064642494
2017-12-22 11:00:00,67931.5,74996.4132474875,-7064.91324748746
2017-12-23 17:00:00,62291,61724.3701330084,566.629866991563
2017-12-24 17:00:00,55040,58796.5069852931,-3756.5069852931
2017-12-25 11:00:00,54181,62664.7111811203,-8483.71118112028
2017-12-26 18:00:00,54874,59903.5584712019,-5029.55847120193
2017-12-27 17:00:00,62388.25,68461.1669723111,-6072.91697231108
2017-12-28 17:00:00,63780.25,65552.4236719636,-1772.17367196362
2017-12-29 17:00:00,64298,65139.6680424793,-841.66804247933
2017-12-30 18:00:00,60147,55149.1007544276,4997.89924557241
2017-12-31 17:00:00,56602,53032.578920466,3569.42107953395
2018-01-01 18:00:00,56178,57988.0075993535,-1810.0075993535
2018-01-02 17:00:00,69853,68567.452743311,1285.54725668899
2018-01-03 17:00:00,75064.25,69411.6844980915,5652.56550190851
2018-01-04 11:00:00,71844.75,70375.6412131185,1469.10878688148
2018-01-05 11:00:00,72249.75,69772.6769083694,2477.07309163059
2018-01-06 18:00:00,61897,50011.5572479809,11885.4427520191
2018-01-07 18:00:00,62110,59321.9144691646,2788.08553083541
2018-01-08 17:00:00,77129.75,74589.3469199473,2540.40308005267
2018-01-09 17:00:00,76172.5,76902.3292105139,-729.829210513897
2018-01-10 17:00:00,73629.5,76792.2601071879,-3162.76010718789
2018-01-11 17:00:00,73658.25,74497.7521296129,-839.502129612854
2018-01-12 11:00:00,73463.25,73750.822122038,-287.572122037978
2018-01-13 18:00:00,65187.25,62671.8021033612,2515.44789663883
2018-01-14 18:00:00,63323.75,59062.4764738679,4261.27352613208
2018-01-15 17:00:00,79537,76112.6886586532,3424.31134134677
2018-01-16 18:00:00,77345,78484.6699244573,-1139.66992445731
2018-01-17 18:00:00,78360.5,77981.5402895526,378.95971044738
2018-01-18 11:00:00,79557.75,77330.8280203854,2226.92197961465
2018-01-19 11:00:00,73804.75,77418.7376935454,-3613.98769354536
2018-01-20 11:00:00,63321.5,64413.4310158204,-1091.93101582043
2018-01-21 18:00:00,60658,59600.9084532814,1057.09154671856
2018-01-22 11:00:00,75280,75794.7881091981,-514.788109198067
2018-01-23 18:00:00,75839,77014.4464682001,-1175.44646820007
2018-01-24 18:00:00,78215,77021.1511659151,1193.84883408486
2018-01-25 11:00:00,73582.5,76791.3752288895,-3208.87522888949
2018-01-26 11:00:00,71824.5,74617.1709223671,-2792.67092236711
2018-01-27 18:00:00,64220,62771.5581111633,1448.44188883667
2018-01-28 18:00:00,63019.75,59002.101874969,4017.64812503095
2018-01-29 11:00:00,77724.25,76180.3865389098,1543.86346109019
2018-01-30 11:00:00,74444.25,77730.9052555927,-3286.65525559273
2018-01-31 11:00:00,78097,76645.5738102183,1451.42618978166
2018-02-01 18:00:00,75923,76608.9067453751,-685.90674537509
2018-02-02 11:00:00,74858.5,75399.0183469014,-540.518346901401
2018-02-03 18:00:00,62909.5,63998.7115593037,-1089.21155930367
2018-02-04 18:00:00,61664,59036.7053865079,2627.29461349214
2018-02-05 18:00:00,74753,75805.9041285649,-1052.90412856487
2018-02-06 18:00:00,75093.75,76490.9600037517,-1397.21000375168
2018-02-07 18:00:00,75281.25,76542.6984806386,-1261.4484806386
2018-02-08 18:00:00,74333,75259.5487357803,-926.548735780307
2018-02-09 11:00:00,75034.25,74204.830645721,829.419354279031
2018-02-10 18:00:00,64612,63461.7847563417,1150.21524365828
2018-02-11 18:00:00,62864.5,59277.987496813,3586.51250318695
2018-02-12 11:00:00,74352.5,76230.8959913284,-1878.39599132843
2018-02-13 18:00:00,72337.25,76412.0524170201,-4074.80241702011
2018-02-14 18:00:00,74665,75490.1172755246,-825.117275524623
2018-02-15 11:00:00,77264.25,74667.7344905174,2596.5155094826
2018-02-16 11:00:00,74162.75,74975.3646703281,-812.614670328097
2018-02-17 11:00:00,63593.5,63261.7494048827,331.750595117315
2018-02-18 18:00:00,60497,58918.0046554777,1578.99534452231
2018-02-19 18:00:00,73201.25,74868.9878397276,-1667.73783972763
2018-02-20 18:00:00,74756.25,75365.8796179661,-609.629617966115
2018-02-21 18:00:00,74080.25,75875.9887373788,-1795.73873737876
2018-02-22 18:00:00,75071,74355.7636530576,715.236346942416
2018-02-23 11:00:00,75263.5,73956.7497760592,1306.75022394079
2018-02-24 11:00:00,66606.25,63295.732404696,3310.517595304
2018-02-25 19:00:00,63641,59823.0622780336,3817.93772196642
2018-02-26 18:00:00,77816.75,76612.6267916118,1204.12320838819
2018-02-27 19:00:00,77995.25,77887.987596764,107.262403236018
2018-02-28 19:00:00,79938.5,78235.0257481436,1703.47425185642
2018-03-01 19:00:00,77687.5,77904.0711990448,-216.57119904476
2018-03-02 11:00:00,78600.25,76743.0408422038,1857.20915779617
2018-03-03 11:00:00,67090,65917.0140929602,1172.98590703978
2018-03-04 19:00:00,63570.25,61538.9505608536,2031.29943914644
2018-03-05 11:00:00,72763.25,78204.9143257945,-5441.66432579451
2018-03-06 18:00:00,72454.5,77054.049153245,-4599.54915324495
2018-03-07 11:00:00,73259.75,76321.9269498759,-3062.17694987588
2018-03-08 19:00:00,74111.75,74800.4969425489,-688.746942548925
2018-03-09 11:00:00,74813.25,74275.1860026086,538.063997391408
2018-03-10 11:00:00,61845,63578.7592484168,-1733.75924841682
2018-03-11 19:00:00,58847.25,58362.4421082382,484.807891761811
2018-03-12 11:00:00,71633.75,73763.1127741281,-2129.36277412812
2018-03-13 11:00:00,74268.5,74151.155826644,117.344173355974
2018-03-14 19:00:00,71177.25,75022.8946182738,-3845.64461827384
2018-03-15 19:00:00,74790.5,72579.3532044442,2211.14679555583
2018-03-16 11:00:00,74392,73172.5678839734,1219.43211602661
2018-03-17 11:00:00,67145.25,62448.5985006762,4696.65149932381
2018-03-18 11:00:00,63475,59538.2677581991,3936.73224180091
2018-03-19 11:00:00,73356.25,76077.9347226982,-2721.68472269819
2018-03-20 11:00:00,74991,75564.1445405669,-573.144540566922
2018-03-21 19:00:00,73231.25,76063.8955548436,-2832.64555484361
2018-03-22 11:00:00,75384,74207.5282238327,1176.47177616728
2018-03-23 11:00:00,73044.25,74314.1806196143,-1269.93061961434
2018-03-24 11:00:00,60434.75,62755.2692119319,-2320.51921193186
2018-03-25 20:00:00,55611.5,57501.1468230285,-1889.6468230285
2018-03-26 11:00:00,71254.75,71614.4054313338,-359.655431333784
2018-03-27 11:00:00,70733.5,73137.1255710543,-2403.62557105428
2018-03-28 11:00:00,74947,72746.1402100051,2200.85978999492
2018-03-29 11:00:00,73113.25,73234.0057054816,-120.755705481584
2018-03-30 12:00:00,55372.75,61207.9940971477,-5835.24409714768
2018-03-31 11:00:00,57168.75,59163.4946930567,-1994.74469305667
2018-04-01 11:00:00,53867,46195.2463687583,7671.75363124173
2018-04-02 20:00:00,52413.25,62410.5741454105,-9997.32414541052
2018-04-03 11:00:00,70661.75,69185.1459117462,1476.60408825382
2018-04-04 11:00:00,70141.75,71099.1601510347,-957.410151034739
2018-04-05 11:00:00,72925.5,69991.9359333625,2933.56406663747
2018-04-06 11:00:00,69616,70126.8100646445,-510.810064644451
2018-04-07 10:00:00,59648.75,59393.2866111777,255.46338882226
2018-04-08 20:00:00,52692.25,55439.2488662356,-2746.99886623558
2018-04-09 11:00:00,67518,67967.403616422,-449.403616422002
2018-04-10 11:00:00,69903.75,69438.3343249439,465.415675056094
2018-04-11 11:00:00,71388.5,70142.7416293006,1245.75837069936
2018-04-12 11:00:00,70901.25,69832.0057429552,1069.24425704485
2018-04-13 11:00:00,70801,69099.45961674,1701.54038325995
2018-04-14 11:00:00,59522.25,59363.8827602307,158.367239769264
2018-04-15 11:00:00,52245.5,55132.2298868766,-2886.72988687656
2018-04-16 11:00:00,67778.5,67304.9364592823,473.56354071766
2018-04-17 11:00:00,67994.5,69344.8956165318,-1350.39561653182
2018-04-18 11:00:00,67951.25,69241.7796358936,-1290.52963589356
2018-04-19 11:00:00,68153.5,68147.3932637348,6.1067362652102
2018-04-20 11:00:00,68406,67495.9362066089,910.06379339112
2018-04-21 11:00:00,58170,57819.1848681112,350.815131888769
2018-04-22 21:00:00,51350.25,53647.3969541289,-2297.14695412888
2018-04-23 11:00:00,69073.5,65986.4514699555,3087.04853004447
2018-04-24 11:00:00,70751.5,68731.4457701279,2020.05422987211
2018-04-25 11:00:00,72804.5,69715.1873128906,3089.31268710944
2018-04-26 12:00:00,71620.25,69907.4481957158,1712.80180428425
2018-04-27 11:00:00,68357.5,69314.5721117342,-957.07211173416
2018-04-28 11:00:00,58090.5,58527.4874504601,-436.987450460125
2018-04-29 12:00:00,51696.25,54142.2052063287,-2445.9552063287
2018-04-30 11:00:00,65324.75,66707.4020203997,-1382.65202039969
2018-05-01 11:00:00,54561,57574.0163260296,-3013.01632602957
2018-05-02 11:00:00,68039.25,66836.0779036482,1203.17209635179
2018-05-03 11:00:00,68903.5,67117.1958741846,1786.30412581535
2018-05-04 11:00:00,67826.25,66919.3205649583,906.929435041704
2018-05-05 11:00:00,57919,57245.6158086979,673.384191302059
2018-05-06 11:00:00,51369.5,53099.6268478033,-1730.12684780327
2018-05-07 11:00:00,68562,65653.8913688651,2908.10863113491
2018-05-08 11:00:00,69491,68044.2142647275,1446.78573527251
2018-05-09 11:00:00,69128,68987.2718390173,140.72816098269
2018-05-10 11:00:00,53867.25,58085.5403921083,-4218.29039210831
2018-05-11 11:00:00,61151.5,65282.4228740809,-4130.92287408085
2018-05-12 11:00:00,56107,54714.6645507554,1392.33544924462
2018-05-13 11:00:00,51879.5,51640.4333581775,239.066641822537
2018-05-14 11:00:00,70238.25,64901.5192485536,5336.73075144642
2018-05-15 11:00:00,68515.75,68013.0508945861,502.699105413936
2018-05-16 11:00:00,68926.5,68126.5802861581,799.919713841897
2018-05-17 11:00:00,70214.5,67429.9920009843,2784.5079990157
2018-05-18 11:00:00,68839.75,67454.1651762704,1385.58482372962
2018-05-19 11:00:00,57021,57888.4524991234,-867.452499123377
2018-05-20 11:00:00,49373,45108.9642717895,4264.0357282105
2018-05-21 11:00:00,50754.25,59068.9321651391,-8314.68216513912
2018-05-22 11:00:00,68548.25,65636.2197795656,2912.03022043443
2018-05-23 11:00:00,70184,68433.3411732405,1750.65882675951
2018-05-24 11:00:00,70819,68180.704297634,2638.29570236601
2018-05-25 11:00:00,70349,68065.5743011145,2283.42569888555
2018-05-26 11:00:00,58422.75,58657.2111800593,-234.461180059312
2018-05-27 11:00:00,51129.5,54061.7298261799,-2932.22982617986
2018-05-28 11:00:00,69820.25,66171.3401099928,3648.90989000718
2018-05-29 11:00:00,70979.5,69012.9769633677,1966.52303663229
2018-05-30 11:00:00,69308.75,70134.7872486022,-826.037248602224
2018-05-31 11:00:00,58659,58758.1369615256,-99.1369615256335
2018-06-01 11:00:00,64501.25,68058.8934591874,-3557.6434591874
2018-06-02 11:00:00,56535.75,57002.3650659677,-466.615065967715
2018-06-03 11:00:00,51033,52962.1905768087,-1929.19057680875
2018-06-04 11:00:00,68495.25,65409.5675758739,3085.68242412608
2018-06-05 11:00:00,70077,68251.6207733996,1825.3792266004
2018-06-06 11:00:00,70652.25,69277.1225167627,1375.12748323733
2018-06-07 11:00:00,70461.5,68914.680146039,1546.81985396105
2018-06-08 11:00:00,70734.75,68293.9289187734,2440.82108122663
2018-06-09 11:00:00,59050.75,59059.0307495492,-8.28074954921613
2018-06-10 11:00:00,51865.75,54304.8578992521,-2439.10789925209
2018-06-11 11:00:00,70650,66867.2472373422,3782.75276265781
2018-06-12 11:00:00,69903.75,69879.7156828997,24.0343171003187
2018-06-13 11:00:00,70068.25,70203.504704716,-135.254704716048
2018-06-14 11:00:00,69541.75,69528.0681339017,13.6818660982972
2018-06-15 11:00:00,69856,68486.2417919041,1369.75820809594
2018-06-16 11:00:00,57789.25,59080.6720761185,-1291.42207611847
2018-06-17 11:00:00,52021.75,53946.1289564649,-1924.37895646491
2018-06-18 12:00:00,70306.75,66940.2904733424,3366.45952665759
2018-06-19 11:00:00,71955.5,69686.3294126723,2269.17058732772
2018-06-20 11:00:00,71376.25,71054.959238763,321.290761237018
2018-06-21 11:00:00,73229.75,70248.8134490399,2980.93655096008
2018-06-22 11:00:00,70264.5,70347.4747801415,-82.9747801414633
2018-06-23 11:00:00,58453,59764.4861536132,-1311.48615361323
2018-06-24 11:00:00,50504.75,54689.1554481445,-4184.40544814446
2018-06-25 11:00:00,68679.75,66626.405313906,2053.344686094
2018-06-26 11:00:00,68823.25,69288.2298708555,-464.979870855517
2018-06-27 11:00:00,69690.75,69788.21095817,-97.4609581700352
2018-06-28 11:00:00,70000,69251.5207410227,748.479258977313
2018-06-29 11:00:00,70248.5,68558.6746086849,1689.82539131513
2018-06-30 11:00:00,57533.25,59150.7585191902,-1617.5085191902
2018-07-01 11:00:00,51114,53841.035332851,-2727.035332851
2018-07-02 12:00:00,69022.25,66438.3144095145,2583.93559048555
2018-07-03 11:00:00,70566.75,69099.4567687248,1467.29323127522
2018-07-04 11:00:00,71176.75,70293.0404998629,883.709500137134
2018-07-05 11:00:00,70877.75,69899.6779313627,978.07206863731
2018-07-06 11:00:00,71409,69069.5985254621,2339.40147453787
2018-07-07 11:00:00,58229.5,59758.2987361136,-1528.79873611361
2018-07-08 11:00:00,50715.25,54354.8029586746,-3639.55295867455
2018-07-09 12:00:00,69028.75,66554.0285505043,2474.72144949573
2018-07-10 11:00:00,68373,69377.3474709916,-1004.34747099158
2018-07-11 11:00:00,67904,69579.5844642279,-1675.58446422788
2018-07-12 11:00:00,68821.75,68457.8274658013,363.922534198689
2018-07-13 11:00:00,68157.5,67849.8797259253,307.620274074681
2018-07-14 11:00:00,56781,58132.1135059614,-1351.11350596144
2018-07-15 11:00:00,50146.25,53170.1088179329,-3023.85881793285
2018-07-16 11:00:00,66943.25,65466.2865788064,1476.96342119364
2018-07-17 11:00:00,68457.25,67709.2409336414,748.009066358558
2018-07-18 11:00:00,68425.75,68746.7153536325,-320.965353632477
2018-07-19 11:00:00,67983,68060.7460350321,-77.7460350321053
2018-07-20 11:00:00,67688.5,67014.5652348057,673.934765194324
2018-07-21 11:00:00,55915.5,57582.9524367083,-1667.45243670827
2018-07-22 11:00:00,50038.25,52472.4236542816,-2434.17365428162
2018-07-23 11:00:00,68016.75,64979.9776757919,3036.77232420814
2018-07-24 11:00:00,69047.25,67816.3896817848,1230.86031821521
2018-07-25 11:00:00,70565.75,68788.5001760078,1777.24982399218
2018-07-26 11:00:00,70239.25,68890.149813061,1349.10018693905
2018-07-27 11:00:00,69886.25,68160.1730464061,1726.07695359395
2018-07-28 11:00:00,58229,58690.0427528631,-461.042752863112
2018-07-29 11:00:00,50096.75,53839.4646084275,-3742.71460842753
2018-07-30 11:00:00,67793.75,65711.2848203693,2082.46517963073
2018-07-31 11:00:00,69651.75,68382.3667493699,1269.3832506301
2018-08-01 11:00:00,69137.25,69597.0417179459,-459.791717945875
2018-08-02 11:00:00,68931.75,68789.5803193937,142.169680606326
2018-08-03 11:00:00,69022.5,67880.4703785321,1142.0296214679
2018-08-04 11:00:00,57870,58443.1395073893,-573.139507389307
2018-08-05 12:00:00,51060,53663.0179872995,-2603.01798729947
2018-08-06 11:00:00,67438.75,66277.4837873094,1161.26621269061
2018-08-07 11:00:00,68901.25,68337.5478137474,563.702186252616
2018-08-08 11:00:00,70234,69321.6342360446,912.365763955386
2018-08-09 11:00:00,68094.75,69182.4441918477,-1087.69419184765
2018-08-10 11:00:00,68287.75,67619.9677687222,667.78223127783
2018-08-11 11:00:00,57443.25,58192.384997831,-749.134997831046
2018-08-12 11:00:00,49484.75,53429.8243490893,-3945.07434908927
2018-08-13 11:00:00,67580.75,65242.839211501,2337.91078849899
2018-08-14 11:00:00,67394.75,68000.7762785087,-606.026278508667
2018-08-15 11:00:00,64924.5,58463.9540766364,6460.54592336357
2018-08-16 12:00:00,66796,71252.61709056,-4456.61709055999
2018-08-17 11:00:00,66715.25,67376.0834100723,-660.83341007233
2018-08-18 11:00:00,56704.25,57727.6569602138,-1023.40696021383
2018-08-19 11:00:00,50815.75,53060.1276574358,-2244.37765743578
2018-08-20 11:00:00,67978.75,65914.8977350797,2063.85226492031
2018-08-21 11:00:00,67418.25,68116.8911557705,-698.641155770514
2018-08-22 11:00:00,68380.75,68775.9624205716,-395.212420571552
2018-08-23 11:00:00,68599,68056.6364299276,542.363570072441
2018-08-24 11:00:00,69567.25,67381.691743026,2185.55825697398
2018-08-25 11:00:00,57311.25,58469.9382471614,-1158.68824716142
2018-08-26 11:00:00,51039.75,53316.6475851155,-2276.89758511546
2018-08-27 11:00:00,71586,66103.5091494251,5482.49085057493
2018-08-28 11:00:00,67951.75,69733.2657486801,-1781.5157486801
2018-08-29 11:00:00,68260.25,69517.7998056181,-1257.54980561809
2018-08-30 11:00:00,69595,68437.1052557191,1157.89474428089
2018-08-31 11:00:00,67356,68187.7491377835,-831.74913778351
2018-09-01 11:00:00,55890.5,58026.7768948131,-2136.27689481309
2018-09-02 20:00:00,51214.75,52844.8850264141,-1630.13502641411
2018-09-03 11:00:00,68787.25,66162.3405452795,2624.90945472052
2018-09-04 11:00:00,68679.25,68383.3493450528,295.90065494724
2018-09-05 11:00:00,67684.25,69400.8467638541,-1716.59676385409
2018-09-06 11:00:00,68441.5,67964.0083130347,477.49168696531
2018-09-07 11:00:00,68700.75,67444.73354791,1256.01645209
2018-09-08 11:00:00,57542.25,58200.2646274591,-658.014627459073
2018-09-09 20:00:00,51677.5,53412.2787372167,-1734.77873721668
2018-09-10 11:00:00,68187.75,66563.0579318915,1624.69206810849
2018-09-11 11:00:00,71500.75,68338.9798269486,3161.77017305139
2018-09-12 11:00:00,69852.75,70598.7955543763,-746.045554376265
2018-09-13 11:00:00,67980.25,69316.0511021525,-1335.80110215247
2018-09-14 11:00:00,68470,67812.9589559783,657.041044021724
2018-09-15 11:00:00,57821.25,58510.6645343917,-689.414534391653
2018-09-16 20:00:00,52191.5,53798.1792438734,-1606.67924387341
2018-09-17 11:00:00,67595.75,67137.9176360414,457.832363958601
2018-09-18 11:00:00,69683.75,68466.1504470442,1217.59955295583
2018-09-19 11:00:00,69934.75,69996.3672272636,-61.6172272636177
2018-09-20 11:00:00,69966,69293.4529957534,672.547004246633
2018-09-21 11:00:00,74194.5,68615.9043062529,5578.59569374708
2018-09-22 11:00:00,59838,60718.9058662524,-880.905866252382
2018-09-23 19:00:00,55829.5,55211.3812558672,618.118744132829
2018-09-24 11:00:00,70849,69946.2481213843,902.751878615745
2018-09-25 11:00:00,68287.5,71178.2804499563,-2890.78044995634
2018-09-26 11:00:00,71407,70851.796066358,555.203933641969
