"date","hour_int","load","weekday_int","month_int","working_day","as.Date(date)"
2022-03-28 11:00:00,11,67478.5,1,3,TRUE,2022-03-28
2022-03-29 11:00:00,11,69176,2,3,TRUE,2022-03-29
2022-03-30 11:00:00,11,69097.5,3,3,TRUE,2022-03-30
2022-03-31 12:00:00,12,71280.5,4,3,TRUE,2022-03-31
2022-04-01 11:00:00,11,75903.75,5,4,TRUE,2022-04-01
2022-04-02 11:00:00,11,63619.75,6,4,FALSE,2022-04-02
2022-04-03 11:00:00,11,56007,7,4,FALSE,2022-04-03
2022-04-04 12:00:00,12,73286,1,4,TRUE,2022-04-04
2022-04-05 11:00:00,11,72734.25,2,4,TRUE,2022-04-05
2022-04-06 12:00:00,12,73594.25,3,4,TRUE,2022-04-06
2022-04-07 11:00:00,11,73075.25,4,4,TRUE,2022-04-07
2022-04-08 10:00:00,10,70754.5,5,4,TRUE,2022-04-08
2022-04-09 11:00:00,11,62137.5,6,4,FALSE,2022-04-09
2022-04-10 11:00:00,11,56790.5,7,4,FALSE,2022-04-10
2022-04-11 10:00:00,10,67361,1,4,TRUE,2022-04-11
2022-04-12 11:00:00,11,67491,2,4,TRUE,2022-04-12
2022-04-13 11:00:00,11,65298.5,3,4,TRUE,2022-04-13
2022-04-14 11:00:00,11,65300.75,4,4,TRUE,2022-04-14
2022-04-15 11:00:00,11,53611.5,5,4,TRUE,2022-04-15
2022-04-16 11:00:00,11,53772.25,6,4,FALSE,2022-04-16
2022-04-17 11:00:00,11,48810.25,7,4,FALSE,2022-04-17
2022-04-18 11:00:00,11,48904.25,1,4,TRUE,2022-04-18
2022-04-19 11:00:00,11,65023.25,2,4,TRUE,2022-04-19
2022-04-20 11:00:00,11,65566.75,3,4,TRUE,2022-04-20
2022-04-21 11:00:00,11,66899,4,4,TRUE,2022-04-21
2022-04-22 11:00:00,11,66477,5,4,TRUE,2022-04-22
2022-04-23 11:00:00,11,57060.75,6,4,FALSE,2022-04-23
2022-04-24 11:00:00,11,54923.75,7,4,FALSE,2022-04-24
2022-04-25 11:00:00,11,67021.5,1,4,TRUE,2022-04-25
2022-04-26 11:00:00,11,67830.25,2,4,TRUE,2022-04-26
2022-04-27 11:00:00,11,66051.5,3,4,TRUE,2022-04-27
2022-04-28 11:00:00,11,65171.5,4,4,TRUE,2022-04-28
2022-04-29 10:00:00,10,65140.25,5,4,TRUE,2022-04-29
2022-04-30 11:00:00,11,55798.25,6,4,FALSE,2022-04-30
2022-05-01 11:00:00,11,49539,7,5,FALSE,2022-05-01
2022-05-02 11:00:00,11,64919.75,1,5,TRUE,2022-05-02
2022-05-03 11:00:00,11,65823.75,2,5,TRUE,2022-05-03
2022-05-04 11:00:00,11,65586,3,5,TRUE,2022-05-04
2022-05-05 11:00:00,11,66398.25,4,5,TRUE,2022-05-05
2022-05-06 11:00:00,11,65822.25,5,5,TRUE,2022-05-06
2022-05-07 11:00:00,11,54876.25,6,5,FALSE,2022-05-07
2022-05-08 11:00:00,11,50768,7,5,FALSE,2022-05-08
2022-05-09 11:00:00,11,65249.5,1,5,TRUE,2022-05-09
2022-05-10 12:00:00,12,69253.25,2,5,TRUE,2022-05-10
2022-05-11 12:00:00,12,68660,3,5,TRUE,2022-05-11
2022-05-12 11:00:00,11,66303.75,4,5,TRUE,2022-05-12
2022-05-13 11:00:00,11,67670.5,5,5,TRUE,2022-05-13
2022-05-14 11:00:00,11,56064,6,5,FALSE,2022-05-14
2022-05-15 11:00:00,11,50234.5,7,5,FALSE,2022-05-15
2022-05-16 11:00:00,11,66840,1,5,TRUE,2022-05-16
2022-05-17 11:00:00,11,67437.25,2,5,TRUE,2022-05-17
2022-05-18 11:00:00,11,68146.25,3,5,TRUE,2022-05-18
2022-05-19 11:00:00,11,66597.5,4,5,TRUE,2022-05-19
2022-05-20 11:00:00,11,67293.25,5,5,TRUE,2022-05-20
2022-05-21 11:00:00,11,57576.75,6,5,FALSE,2022-05-21
2022-05-22 12:00:00,12,49429,7,5,FALSE,2022-05-22
2022-05-23 12:00:00,12,66998.5,1,5,TRUE,2022-05-23
2022-05-24 11:00:00,11,67069.75,2,5,TRUE,2022-05-24
2022-05-25 12:00:00,12,64623.5,3,5,TRUE,2022-05-25
2022-05-26 11:00:00,11,53338.5,4,5,TRUE,2022-05-26
2022-05-27 12:00:00,12,60872.75,5,5,TRUE,2022-05-27
2022-05-28 11:00:00,11,55223.25,6,5,FALSE,2022-05-28
2022-05-29 11:00:00,11,49806.75,7,5,FALSE,2022-05-29
2022-05-30 12:00:00,12,65189.25,1,5,TRUE,2022-05-30
2022-05-31 11:00:00,11,65628,2,5,TRUE,2022-05-31
2022-06-01 11:00:00,11,63943.25,3,6,TRUE,2022-06-01
2022-06-02 13:00:00,13,64703.25,4,6,TRUE,2022-06-02
2022-06-03 12:00:00,12,64101.75,5,6,TRUE,2022-06-03
2022-06-04 11:00:00,11,52897,6,6,FALSE,2022-06-04
2022-06-05 12:00:00,12,47853.75,7,6,FALSE,2022-06-05
2022-06-06 11:00:00,11,51157,1,6,TRUE,2022-06-06
2022-06-07 11:00:00,11,65146.25,2,6,TRUE,2022-06-07
2022-06-08 12:00:00,12,64563,3,6,TRUE,2022-06-08
2022-06-09 12:00:00,12,64799.25,4,6,TRUE,2022-06-09
2022-06-10 11:00:00,11,64173.75,5,6,TRUE,2022-06-10
2022-06-11 11:00:00,11,55099.5,6,6,FALSE,2022-06-11
2022-06-12 12:00:00,12,49895.75,7,6,FALSE,2022-06-12
2022-06-13 11:00:00,11,65744.75,1,6,TRUE,2022-06-13
2022-06-14 11:00:00,11,64355,2,6,TRUE,2022-06-14
2022-06-15 11:00:00,11,63850,3,6,TRUE,2022-06-15
2022-06-16 11:00:00,11,55113.5,4,6,TRUE,2022-06-16
2022-06-17 12:00:00,12,60872,5,6,TRUE,2022-06-17
2022-06-18 11:00:00,11,55222,6,6,FALSE,2022-06-18
2022-06-19 11:00:00,11,51867.75,7,6,FALSE,2022-06-19
2022-06-20 11:00:00,11,64528,1,6,TRUE,2022-06-20
2022-06-21 11:00:00,11,65400,2,6,TRUE,2022-06-21
2022-06-22 11:00:00,11,65041.5,3,6,TRUE,2022-06-22
2022-06-23 12:00:00,12,64912.75,4,6,TRUE,2022-06-23
2022-06-24 11:00:00,11,65313,5,6,TRUE,2022-06-24
2022-06-25 11:00:00,11,53726,6,6,FALSE,2022-06-25
2022-06-26 12:00:00,12,49874.5,7,6,FALSE,2022-06-26
2022-06-27 11:00:00,11,64870.75,1,6,TRUE,2022-06-27
2022-06-28 11:00:00,11,64966,2,6,TRUE,2022-06-28
2022-06-29 11:00:00,11,64424.75,3,6,TRUE,2022-06-29
2022-06-30 11:00:00,11,65747.75,4,6,TRUE,2022-06-30
2022-07-01 11:00:00,11,64277.25,5,7,TRUE,2022-07-01
2022-07-02 11:00:00,11,54583.25,6,7,FALSE,2022-07-02
2022-07-03 12:00:00,12,49288.25,7,7,FALSE,2022-07-03
2022-07-04 12:00:00,12,64491,1,7,TRUE,2022-07-04
2022-07-05 12:00:00,12,65230.75,2,7,TRUE,2022-07-05
2022-07-06 13:00:00,13,64528.5,3,7,TRUE,2022-07-06
2022-07-07 11:00:00,11,67202,4,7,TRUE,2022-07-07
2022-07-08 11:00:00,11,64082.25,5,7,TRUE,2022-07-08
2022-07-09 11:00:00,11,54754.25,6,7,FALSE,2022-07-09
2022-07-10 12:00:00,12,50807,7,7,FALSE,2022-07-10
2022-07-11 11:00:00,11,63489.75,1,7,TRUE,2022-07-11
2022-07-12 12:00:00,12,63319.5,2,7,TRUE,2022-07-12
2022-07-13 13:00:00,13,65188.75,3,7,TRUE,2022-07-13
2022-07-14 12:00:00,12,65250,4,7,TRUE,2022-07-14
2022-07-15 11:00:00,11,64642.25,5,7,TRUE,2022-07-15
2022-07-16 11:00:00,11,55090.5,6,7,FALSE,2022-07-16
2022-07-17 11:00:00,11,48507.75,7,7,FALSE,2022-07-17
2022-07-18 12:00:00,12,62855,1,7,TRUE,2022-07-18
2022-07-19 11:00:00,11,64842,2,7,TRUE,2022-07-19
2022-07-20 12:00:00,12,66898.5,3,7,TRUE,2022-07-20
2022-07-21 12:00:00,12,65501.75,4,7,TRUE,2022-07-21
2022-07-22 11:00:00,11,62566,5,7,TRUE,2022-07-22
2022-07-23 12:00:00,12,52740,6,7,FALSE,2022-07-23
2022-07-24 11:00:00,11,49054.25,7,7,FALSE,2022-07-24
2022-07-25 12:00:00,12,66870.5,1,7,TRUE,2022-07-25
2022-07-26 11:00:00,11,64819.75,2,7,TRUE,2022-07-26
2022-07-27 11:00:00,11,63311.75,3,7,TRUE,2022-07-27
2022-07-28 12:00:00,12,62913.75,4,7,TRUE,2022-07-28
2022-07-29 12:00:00,12,62821.5,5,7,TRUE,2022-07-29
2022-07-30 11:00:00,11,51236.75,6,7,FALSE,2022-07-30
2022-07-31 12:00:00,12,48261.75,7,7,FALSE,2022-07-31
2022-08-01 11:00:00,11,61667.75,1,8,TRUE,2022-08-01
2022-08-02 11:00:00,11,62852.5,2,8,TRUE,2022-08-02
2022-08-03 12:00:00,12,64215.25,3,8,TRUE,2022-08-03
2022-08-04 12:00:00,12,63452.5,4,8,TRUE,2022-08-04
2022-08-05 11:00:00,11,62733.5,5,8,TRUE,2022-08-05
2022-08-06 11:00:00,11,52904.25,6,8,FALSE,2022-08-06
2022-08-07 12:00:00,12,46882.75,7,8,FALSE,2022-08-07
2022-08-08 12:00:00,12,60577,1,8,TRUE,2022-08-08
2022-08-09 11:00:00,11,61331.5,2,8,TRUE,2022-08-09
2022-08-10 11:00:00,11,61704.25,3,8,TRUE,2022-08-10
2022-08-11 12:00:00,12,61659,4,8,TRUE,2022-08-11
2022-08-12 11:00:00,11,61176.25,5,8,TRUE,2022-08-12
2022-08-13 11:00:00,11,51402.5,6,8,FALSE,2022-08-13
2022-08-14 11:00:00,11,48476,7,8,FALSE,2022-08-14
2022-08-15 11:00:00,11,60434.75,1,8,TRUE,2022-08-15
2022-08-16 11:00:00,11,61700,2,8,TRUE,2022-08-16
2022-08-17 11:00:00,11,63135.25,3,8,TRUE,2022-08-17
2022-08-18 12:00:00,12,63190.25,4,8,TRUE,2022-08-18
2022-08-19 11:00:00,11,61343.25,5,8,TRUE,2022-08-19
2022-08-20 11:00:00,11,50975,6,8,FALSE,2022-08-20
2022-08-21 11:00:00,11,47015.5,7,8,FALSE,2022-08-21
2022-08-22 11:00:00,11,60923.75,1,8,TRUE,2022-08-22
2022-08-23 11:00:00,11,61555.25,2,8,TRUE,2022-08-23
2022-08-24 11:00:00,11,62019.75,3,8,TRUE,2022-08-24
2022-08-25 12:00:00,12,63453.25,4,8,TRUE,2022-08-25
2022-08-26 11:00:00,11,62816.75,5,8,TRUE,2022-08-26
2022-08-27 11:00:00,11,51938.25,6,8,FALSE,2022-08-27
2022-08-28 11:00:00,11,48462.25,7,8,FALSE,2022-08-28
2022-08-29 11:00:00,11,60301.75,1,8,TRUE,2022-08-29
2022-08-30 12:00:00,12,61514.75,2,8,TRUE,2022-08-30
2022-08-31 11:00:00,11,63261,3,8,TRUE,2022-08-31
2022-09-01 12:00:00,12,61705,4,9,TRUE,2022-09-01
2022-09-02 12:00:00,12,62499.75,5,9,TRUE,2022-09-02
2022-09-03 11:00:00,11,54005.75,6,9,FALSE,2022-09-03
2022-09-04 12:00:00,12,49001,7,9,FALSE,2022-09-04
2022-09-05 12:00:00,12,64018.5,1,9,TRUE,2022-09-05
2022-09-06 11:00:00,11,64754.75,2,9,TRUE,2022-09-06
2022-09-07 12:00:00,12,64110,3,9,TRUE,2022-09-07
2022-09-08 11:00:00,11,66093,4,9,TRUE,2022-09-08
2022-09-09 11:00:00,11,62790.25,5,9,TRUE,2022-09-09
2022-09-10 11:00:00,11,51939.25,6,9,FALSE,2022-09-10
2022-09-11 11:00:00,11,47612.25,7,9,FALSE,2022-09-11
2022-09-12 11:00:00,11,60545.75,1,9,TRUE,2022-09-12
2022-09-13 12:00:00,12,63663.75,2,9,TRUE,2022-09-13
2022-09-14 11:00:00,11,63990.75,3,9,TRUE,2022-09-14
2022-09-15 11:00:00,11,65227.25,4,9,TRUE,2022-09-15
2022-09-16 11:00:00,11,65546.5,5,9,TRUE,2022-09-16
2022-09-17 11:00:00,11,54881.5,6,9,FALSE,2022-09-17
2022-09-18 12:00:00,12,51979.5,7,9,FALSE,2022-09-18
2022-09-19 11:00:00,11,63787,1,9,TRUE,2022-09-19
2022-09-20 11:00:00,11,62940.75,2,9,TRUE,2022-09-20
2022-09-21 11:00:00,11,61591.25,3,9,TRUE,2022-09-21
2022-09-22 11:00:00,11,62050.5,4,9,TRUE,2022-09-22
2022-09-23 11:00:00,11,61779.25,5,9,TRUE,2022-09-23
2022-09-24 11:00:00,11,53197.25,6,9,FALSE,2022-09-24
2022-09-25 19:00:00,19,49185.75,7,9,FALSE,2022-09-25
2022-09-26 12:00:00,12,66195.5,1,9,TRUE,2022-09-26
2022-09-27 11:00:00,11,64620.75,2,9,TRUE,2022-09-27
2022-09-28 11:00:00,11,63897,3,9,TRUE,2022-09-28
2022-09-29 11:00:00,11,63352,4,9,TRUE,2022-09-29
2022-09-30 11:00:00,11,61687,5,9,TRUE,2022-09-30
2022-10-01 11:00:00,11,57234.25,6,10,FALSE,2022-10-01
2022-10-02 12:00:00,12,51177.5,7,10,FALSE,2022-10-02
2022-10-03 19:00:00,19,51204.75,1,10,TRUE,2022-10-03
2022-10-04 11:00:00,11,62167.5,2,10,TRUE,2022-10-04
2022-10-05 11:00:00,11,65289.25,3,10,TRUE,2022-10-05
2022-10-06 10:00:00,10,65066.75,4,10,TRUE,2022-10-06
2022-10-07 11:00:00,11,64298,5,10,TRUE,2022-10-07
2022-10-08 12:00:00,12,55167,6,10,FALSE,2022-10-08
2022-10-09 19:00:00,19,49845.5,7,10,FALSE,2022-10-09
2022-10-10 11:00:00,11,64141,1,10,TRUE,2022-10-10
2022-10-11 11:00:00,11,64802.75,2,10,TRUE,2022-10-11
2022-10-12 11:00:00,11,62903.75,3,10,TRUE,2022-10-12
2022-10-13 11:00:00,11,63253.25,4,10,TRUE,2022-10-13
2022-10-14 12:00:00,12,62689.25,5,10,TRUE,2022-10-14
2022-10-15 11:00:00,11,53475.5,6,10,FALSE,2022-10-15
2022-10-16 11:00:00,11,52355.5,7,10,FALSE,2022-10-16
2022-10-17 11:00:00,11,63216.5,1,10,TRUE,2022-10-17
2022-10-18 12:00:00,12,64905.25,2,10,TRUE,2022-10-18
2022-10-19 11:00:00,11,63930,3,10,TRUE,2022-10-19
2022-10-20 11:00:00,11,65821,4,10,TRUE,2022-10-20
2022-10-21 11:00:00,11,64292.25,5,10,TRUE,2022-10-21
2022-10-22 11:00:00,11,53615.25,6,10,FALSE,2022-10-22
2022-10-23 18:00:00,18,51204.25,7,10,FALSE,2022-10-23
2022-10-24 11:00:00,11,65430,1,10,TRUE,2022-10-24
2022-10-25 11:00:00,11,64991.25,2,10,TRUE,2022-10-25
2022-10-26 11:00:00,11,64196.75,3,10,TRUE,2022-10-26
2022-10-27 18:00:00,18,63366,4,10,TRUE,2022-10-27
2022-10-28 09:00:00,9,63403.5,5,10,TRUE,2022-10-28
2022-10-29 18:00:00,18,52803.25,6,10,FALSE,2022-10-29
2022-10-30 18:00:00,18,49109.5,7,10,FALSE,2022-10-30
2022-10-31 11:00:00,11,55225,1,10,TRUE,2022-10-31
2022-11-01 18:00:00,18,56750,2,11,TRUE,2022-11-01
2022-11-02 11:00:00,11,65958.5,3,11,TRUE,2022-11-02
2022-11-03 17:00:00,17,67574.25,4,11,TRUE,2022-11-03
2022-11-04 11:00:00,11,64927.25,5,11,TRUE,2022-11-04
2022-11-05 18:00:00,18,56177.5,6,11,FALSE,2022-11-05
2022-11-06 18:00:00,18,55394.75,7,11,FALSE,2022-11-06
2022-11-07 11:00:00,11,67661.75,1,11,TRUE,2022-11-07
2022-11-08 17:00:00,17,66761.5,2,11,TRUE,2022-11-08
2022-11-09 11:00:00,11,66000,3,11,TRUE,2022-11-09
2022-11-10 11:00:00,11,66602.25,4,11,TRUE,2022-11-10
2022-11-11 11:00:00,11,65811.75,5,11,TRUE,2022-11-11
2022-11-12 17:00:00,17,54560.5,6,11,FALSE,2022-11-12
2022-11-13 18:00:00,18,53117.25,7,11,FALSE,2022-11-13
2022-11-14 11:00:00,11,66271.75,1,11,TRUE,2022-11-14
2022-11-15 18:00:00,18,65877.25,2,11,TRUE,2022-11-15
2022-11-16 17:00:00,17,67368.5,3,11,TRUE,2022-11-16
2022-11-17 11:00:00,11,68434.5,4,11,TRUE,2022-11-17
2022-11-18 10:00:00,10,67253.25,5,11,TRUE,2022-11-18
2022-11-19 11:00:00,11,56524.25,6,11,FALSE,2022-11-19
2022-11-20 18:00:00,18,54332.25,7,11,FALSE,2022-11-20
2022-11-21 17:00:00,17,66830.25,1,11,TRUE,2022-11-21
2022-11-22 11:00:00,11,68494,2,11,TRUE,2022-11-22
2022-11-23 17:00:00,17,67614.25,3,11,TRUE,2022-11-23
2022-11-24 17:00:00,17,66417,4,11,TRUE,2022-11-24
2022-11-25 11:00:00,11,66204.25,5,11,TRUE,2022-11-25
2022-11-26 18:00:00,18,55271.25,6,11,FALSE,2022-11-26
2022-11-27 18:00:00,18,55851.75,7,11,FALSE,2022-11-27
2022-11-28 11:00:00,11,69143,1,11,TRUE,2022-11-28
2022-11-29 11:00:00,11,67533.75,2,11,TRUE,2022-11-29
2022-11-30 11:00:00,11,67693.75,3,11,TRUE,2022-11-30
2022-12-01 17:00:00,17,68445.75,4,12,TRUE,2022-12-01
2022-12-02 12:00:00,12,69600,5,12,TRUE,2022-12-02
2022-12-03 11:00:00,11,59723.5,6,12,FALSE,2022-12-03
2022-12-04 18:00:00,18,57901.25,7,12,FALSE,2022-12-04
2022-12-05 11:00:00,11,70234.25,1,12,TRUE,2022-12-05
2022-12-06 11:00:00,11,69017.75,2,12,TRUE,2022-12-06
2022-12-07 17:00:00,17,69957.5,3,12,TRUE,2022-12-07
2022-12-08 17:00:00,17,68928.5,4,12,TRUE,2022-12-08
2022-12-09 10:00:00,10,68913.5,5,12,TRUE,2022-12-09
2022-12-10 17:00:00,17,59513.5,6,12,FALSE,2022-12-10
2022-12-11 18:00:00,18,58406.5,7,12,FALSE,2022-12-11
2022-12-12 17:00:00,17,70779.5,1,12,TRUE,2022-12-12
2022-12-13 17:00:00,17,71185.75,2,12,TRUE,2022-12-13
2022-12-14 11:00:00,11,72333.5,3,12,TRUE,2022-12-14
2022-12-15 10:00:00,10,71396.25,4,12,TRUE,2022-12-15
2022-12-16 10:00:00,10,70103,5,12,TRUE,2022-12-16
2022-12-17 18:00:00,18,62064.75,6,12,FALSE,2022-12-17
2022-12-18 17:00:00,17,59739.25,7,12,FALSE,2022-12-18
2022-12-19 11:00:00,11,71176.5,1,12,TRUE,2022-12-19
2022-12-20 11:00:00,11,68484.5,2,12,TRUE,2022-12-20
2022-12-21 17:00:00,17,64020.75,3,12,TRUE,2022-12-21
2022-12-22 10:00:00,10,62237,4,12,TRUE,2022-12-22
2022-12-23 11:00:00,11,58624.5,5,12,TRUE,2022-12-23
2022-12-24 12:00:00,12,51321.75,6,12,FALSE,2022-12-24
2022-12-25 11:00:00,11,48687.75,7,12,FALSE,2022-12-25
2022-12-26 18:00:00,18,51047.75,1,12,TRUE,2022-12-26
2022-12-27 18:00:00,18,57947.25,2,12,TRUE,2022-12-27
2022-12-28 17:00:00,17,57435,3,12,TRUE,2022-12-28
2022-12-29 17:00:00,17,57232,4,12,TRUE,2022-12-29
2022-12-30 18:00:00,18,57846.5,5,12,TRUE,2022-12-30
2022-12-31 17:00:00,17,52595,6,12,FALSE,2022-12-31
2023-01-01 17:00:00,17,48700.5,7,1,FALSE,2023-01-01
2023-01-02 12:00:00,12,61395.25,1,1,TRUE,2023-01-02
2023-01-03 17:00:00,17,61637,2,1,TRUE,2023-01-03
2023-01-04 12:00:00,12,67167,3,1,TRUE,2023-01-04
2023-01-05 12:00:00,12,64051,4,1,TRUE,2023-01-05
2023-01-06 11:00:00,11,61307.25,5,1,TRUE,2023-01-06
2023-01-07 18:00:00,18,55983.25,6,1,FALSE,2023-01-07
2023-01-08 18:00:00,18,55442.5,7,1,FALSE,2023-01-08
2023-01-09 11:00:00,11,66635,1,1,TRUE,2023-01-09
2023-01-10 18:00:00,18,67892.5,2,1,TRUE,2023-01-10
2023-01-11 11:00:00,11,68611.25,3,1,TRUE,2023-01-11
2023-01-12 11:00:00,11,71570.25,4,1,TRUE,2023-01-12
2023-01-13 11:00:00,11,68760,5,1,TRUE,2023-01-13
2023-01-14 18:00:00,18,60906.5,6,1,FALSE,2023-01-14
2023-01-15 18:00:00,18,59291,7,1,FALSE,2023-01-15
2023-01-16 18:00:00,18,69458,1,1,TRUE,2023-01-16
2023-01-17 11:00:00,11,69694,2,1,TRUE,2023-01-17
2023-01-18 11:00:00,11,68009.25,3,1,TRUE,2023-01-18
2023-01-19 11:00:00,11,70584.75,4,1,TRUE,2023-01-19
2023-01-20 11:00:00,11,68060.75,5,1,TRUE,2023-01-20
2023-01-21 18:00:00,18,61385,6,1,FALSE,2023-01-21
2023-01-22 18:00:00,18,57181.75,7,1,FALSE,2023-01-22
2023-01-23 12:00:00,12,68431.75,1,1,TRUE,2023-01-23
2023-01-24 11:00:00,11,67884.75,2,1,TRUE,2023-01-24
2023-01-25 12:00:00,12,68971,3,1,TRUE,2023-01-25
2023-01-26 11:00:00,11,70032.25,4,1,TRUE,2023-01-26
2023-01-27 11:00:00,11,69532.5,5,1,TRUE,2023-01-27
2023-01-28 18:00:00,18,60111,6,1,FALSE,2023-01-28
2023-01-29 18:00:00,18,58687.5,7,1,FALSE,2023-01-29
2023-01-30 11:00:00,11,70304.25,1,1,TRUE,2023-01-30
2023-01-31 12:00:00,12,70405.75,2,1,TRUE,2023-01-31
2023-02-01 18:00:00,18,70615,3,2,TRUE,2023-02-01
2023-02-02 12:00:00,12,70663.25,4,2,TRUE,2023-02-02
2023-02-03 11:00:00,11,71152,5,2,TRUE,2023-02-03
2023-02-04 18:00:00,18,57761.5,6,2,FALSE,2023-02-04
2023-02-05 18:00:00,18,57098,7,2,FALSE,2023-02-05
2023-02-06 18:00:00,18,67060.75,1,2,TRUE,2023-02-06
2023-02-07 12:00:00,12,67255.75,2,2,TRUE,2023-02-07
2023-02-08 18:00:00,18,68915,3,2,TRUE,2023-02-08
2023-02-09 10:00:00,10,70251.75,4,2,TRUE,2023-02-09
2023-02-10 10:00:00,10,69793.5,5,2,TRUE,2023-02-10
2023-02-11 11:00:00,11,59948.5,6,2,FALSE,2023-02-11
2023-02-12 18:00:00,18,55660.25,7,2,FALSE,2023-02-12
2023-02-13 11:00:00,11,66424.25,1,2,TRUE,2023-02-13
2023-02-14 18:00:00,18,65613.5,2,2,TRUE,2023-02-14
2023-02-15 10:00:00,10,66173,3,2,TRUE,2023-02-15
2023-02-16 18:00:00,18,66526.5,4,2,TRUE,2023-02-16
2023-02-17 11:00:00,11,69133,5,2,TRUE,2023-02-17
2023-02-18 18:00:00,18,58454.75,6,2,FALSE,2023-02-18
2023-02-19 18:00:00,18,54583.25,7,2,FALSE,2023-02-19
2023-02-20 11:00:00,11,66018.25,1,2,TRUE,2023-02-20
2023-02-21 11:00:00,11,65924,2,2,TRUE,2023-02-21
2023-02-22 18:00:00,18,65643.25,3,2,TRUE,2023-02-22
2023-02-23 11:00:00,11,65828.25,4,2,TRUE,2023-02-23
2023-02-24 11:00:00,11,67243.25,5,2,TRUE,2023-02-24
2023-02-25 11:00:00,11,59728,6,2,FALSE,2023-02-25
2023-02-26 18:00:00,18,56070.5,7,2,FALSE,2023-02-26
2023-02-27 18:00:00,18,64825.25,1,2,TRUE,2023-02-27
2023-02-28 11:00:00,11,66096.5,2,2,TRUE,2023-02-28
2023-03-01 09:00:00,9,65814.5,3,3,TRUE,2023-03-01
2023-03-02 10:00:00,10,65902.25,4,3,TRUE,2023-03-02
2023-03-03 10:00:00,10,65937,5,3,TRUE,2023-03-03
2023-03-04 12:00:00,12,59527,6,3,FALSE,2023-03-04
2023-03-05 11:00:00,11,54422.25,7,3,FALSE,2023-03-05
2023-03-06 11:00:00,11,66169,1,3,TRUE,2023-03-06
2023-03-07 11:00:00,11,67929.5,2,3,TRUE,2023-03-07
2023-03-08 11:00:00,11,66853.5,3,3,TRUE,2023-03-08
2023-03-09 11:00:00,11,64701.75,4,3,TRUE,2023-03-09
2023-03-10 10:00:00,10,65696.25,5,3,TRUE,2023-03-10
2023-03-11 19:00:00,19,56600.25,6,3,FALSE,2023-03-11
2023-03-12 12:00:00,12,53120.25,7,3,FALSE,2023-03-12
2023-03-13 11:00:00,11,67914.25,1,3,TRUE,2023-03-13
2023-03-14 12:00:00,12,67912.25,2,3,TRUE,2023-03-14
2023-03-15 11:00:00,11,67312,3,3,TRUE,2023-03-15
2023-03-16 19:00:00,19,65848.75,4,3,TRUE,2023-03-16
2023-03-17 08:00:00,8,64852.25,5,3,TRUE,2023-03-17
2023-03-18 11:00:00,11,52664.25,6,3,FALSE,2023-03-18
2023-03-19 11:00:00,11,50414.5,7,3,FALSE,2023-03-19
2023-03-20 11:00:00,11,63099.75,1,3,TRUE,2023-03-20
2023-03-21 11:00:00,11,64010,2,3,TRUE,2023-03-21
2023-03-22 19:00:00,19,63729,3,3,TRUE,2023-03-22
2023-03-23 12:00:00,12,65973.5,4,3,TRUE,2023-03-23
2023-03-24 11:00:00,11,65503.5,5,3,TRUE,2023-03-24
2023-03-25 11:00:00,11,54820.25,6,3,FALSE,2023-03-25
2023-03-26 19:00:00,19,51757.75,7,3,FALSE,2023-03-26
2023-03-27 11:00:00,11,64003,1,3,TRUE,2023-03-27
2023-03-28 12:00:00,12,64993.5,2,3,TRUE,2023-03-28
2023-03-29 11:00:00,11,66020.5,3,3,TRUE,2023-03-29
2023-03-30 12:00:00,12,66627.25,4,3,TRUE,2023-03-30
2023-03-31 10:00:00,10,64096.25,5,3,TRUE,2023-03-31
2023-04-01 11:00:00,11,57681.25,6,4,FALSE,2023-04-01
2023-04-02 19:00:00,19,51754.25,7,4,FALSE,2023-04-02
2023-04-03 11:00:00,11,62309.25,1,4,TRUE,2023-04-03
2023-04-04 10:00:00,10,62281.5,2,4,TRUE,2023-04-04
2023-04-05 10:00:00,10,62133,3,4,TRUE,2023-04-05
2023-04-06 09:00:00,9,60769.75,4,4,TRUE,2023-04-06
2023-04-07 12:00:00,12,50889.75,5,4,TRUE,2023-04-07
2023-04-08 11:00:00,11,49102.75,6,4,FALSE,2023-04-08
2023-04-09 11:00:00,11,42416.5,7,4,FALSE,2023-04-09
2023-04-10 19:00:00,19,48110.5,1,4,TRUE,2023-04-10
2023-04-11 12:00:00,12,62206.5,2,4,TRUE,2023-04-11
2023-04-12 11:00:00,11,65048.25,3,4,TRUE,2023-04-12
2023-04-13 10:00:00,10,63534.5,4,4,TRUE,2023-04-13
2023-04-14 11:00:00,11,60263.25,5,4,TRUE,2023-04-14
2023-04-15 11:00:00,11,53125.25,6,4,FALSE,2023-04-15
2023-04-16 11:00:00,11,49232.5,7,4,FALSE,2023-04-16
2023-04-17 11:00:00,11,62207.25,1,4,TRUE,2023-04-17
2023-04-18 11:00:00,11,63585,2,4,TRUE,2023-04-18
2023-04-19 11:00:00,11,63851.5,3,4,TRUE,2023-04-19
2023-04-20 12:00:00,12,63791,4,4,TRUE,2023-04-20
2023-04-21 11:00:00,11,60145.75,5,4,TRUE,2023-04-21
2023-04-22 11:00:00,11,49159,6,4,FALSE,2023-04-22
2023-04-23 11:00:00,11,46474.75,7,4,FALSE,2023-04-23
2023-04-24 11:00:00,11,62818,1,4,TRUE,2023-04-24
2023-04-25 11:00:00,11,63810,2,4,TRUE,2023-04-25
2023-04-26 11:00:00,11,61841.5,3,4,TRUE,2023-04-26
2023-04-27 09:00:00,9,61088.75,4,4,TRUE,2023-04-27
2023-04-28 11:00:00,11,62599,5,4,TRUE,2023-04-28
2023-04-29 11:00:00,11,52415.25,6,4,FALSE,2023-04-29
2023-04-30 11:00:00,11,46215.25,7,4,FALSE,2023-04-30
2023-05-01 11:00:00,11,46247,1,5,TRUE,2023-05-01
2023-05-02 11:00:00,11,62880.5,2,5,TRUE,2023-05-02
2023-05-03 08:00:00,8,60647.25,3,5,TRUE,2023-05-03
2023-05-04 11:00:00,11,60448,4,5,TRUE,2023-05-04
2023-05-05 09:00:00,9,62770.5,5,5,TRUE,2023-05-05
2023-05-06 11:00:00,11,52586,6,5,FALSE,2023-05-06
2023-05-07 19:00:00,19,48258.75,7,5,FALSE,2023-05-07
2023-05-08 11:00:00,11,62609.25,1,5,TRUE,2023-05-08
2023-05-09 11:00:00,11,62464.25,2,5,TRUE,2023-05-09
2023-05-10 11:00:00,11,63973.75,3,5,TRUE,2023-05-10
2023-05-11 11:00:00,11,63172,4,5,TRUE,2023-05-11
2023-05-12 11:00:00,11,62423.75,5,5,TRUE,2023-05-12
2023-05-13 11:00:00,11,50981.25,6,5,FALSE,2023-05-13
2023-05-14 11:00:00,11,46104.75,7,5,FALSE,2023-05-14
2023-05-15 10:00:00,10,59491.75,1,5,TRUE,2023-05-15
2023-05-16 11:00:00,11,61767.5,2,5,TRUE,2023-05-16
2023-05-17 11:00:00,11,63677.5,3,5,TRUE,2023-05-17
2023-05-18 11:00:00,11,45891.5,4,5,TRUE,2023-05-18
2023-05-19 11:00:00,11,52744.25,5,5,TRUE,2023-05-19
2023-05-20 11:00:00,11,50282.25,6,5,FALSE,2023-05-20
2023-05-21 11:00:00,11,46774.25,7,5,FALSE,2023-05-21
2023-05-22 11:00:00,11,60150.5,1,5,TRUE,2023-05-22
2023-05-23 11:00:00,11,63378,2,5,TRUE,2023-05-23
2023-05-24 11:00:00,11,61076.75,3,5,TRUE,2023-05-24
2023-05-25 11:00:00,11,60464,4,5,TRUE,2023-05-25
2023-05-26 11:00:00,11,60016.75,5,5,TRUE,2023-05-26
2023-05-27 11:00:00,11,47422,6,5,FALSE,2023-05-27
2023-05-28 11:00:00,11,42712.25,7,5,FALSE,2023-05-28
2023-05-29 11:00:00,11,43393,1,5,TRUE,2023-05-29
2023-05-30 11:00:00,11,57804,2,5,TRUE,2023-05-30
2023-05-31 11:00:00,11,59329.25,3,5,TRUE,2023-05-31
2023-06-01 11:00:00,11,60071.5,4,6,TRUE,2023-06-01
2023-06-02 11:00:00,11,59183,5,6,TRUE,2023-06-02
2023-06-03 11:00:00,11,48306.75,6,6,FALSE,2023-06-03
2023-06-04 11:00:00,11,44486,7,6,FALSE,2023-06-04
2023-06-05 11:00:00,11,58699.25,1,6,TRUE,2023-06-05
2023-06-06 11:00:00,11,59938.25,2,6,TRUE,2023-06-06
2023-06-07 11:00:00,11,60001.25,3,6,TRUE,2023-06-07
2023-06-08 11:00:00,11,50376,4,6,TRUE,2023-06-08
2023-06-09 12:00:00,12,54802.5,5,6,TRUE,2023-06-09
2023-06-10 11:00:00,11,50253,6,6,FALSE,2023-06-10
2023-06-11 20:00:00,20,46676,7,6,FALSE,2023-06-11
2023-06-12 12:00:00,12,61295.5,1,6,TRUE,2023-06-12
2023-06-13 11:00:00,11,60558.75,2,6,TRUE,2023-06-13
2023-06-14 11:00:00,11,60401.25,3,6,TRUE,2023-06-14
2023-06-15 11:00:00,11,60467.5,4,6,TRUE,2023-06-15
2023-06-16 11:00:00,11,60018.75,5,6,TRUE,2023-06-16
2023-06-17 11:00:00,11,49914.25,6,6,FALSE,2023-06-17
2023-06-18 19:00:00,19,46021.5,7,6,FALSE,2023-06-18
2023-06-19 11:00:00,11,62078,1,6,TRUE,2023-06-19
2023-06-20 11:00:00,11,61979.25,2,6,TRUE,2023-06-20
2023-06-21 12:00:00,12,64168,3,6,TRUE,2023-06-21
2023-06-22 12:00:00,12,63019.25,4,6,TRUE,2023-06-22
2023-06-23 11:00:00,11,60886,5,6,TRUE,2023-06-23
2023-06-24 11:00:00,11,49739.25,6,6,FALSE,2023-06-24
2023-06-25 19:00:00,19,45989,7,6,FALSE,2023-06-25
2023-06-26 11:00:00,11,61775.25,1,6,TRUE,2023-06-26
2023-06-27 11:00:00,11,61261.75,2,6,TRUE,2023-06-27
2023-06-28 11:00:00,11,60930,3,6,TRUE,2023-06-28
2023-06-29 12:00:00,12,61425.75,4,6,TRUE,2023-06-29
2023-06-30 11:00:00,11,61032.75,5,6,TRUE,2023-06-30
2023-07-01 11:00:00,11,51434.25,6,7,FALSE,2023-07-01
2023-07-02 11:00:00,11,47684.75,7,7,FALSE,2023-07-02
2023-07-03 12:00:00,12,62406.5,1,7,TRUE,2023-07-03
2023-07-04 11:00:00,11,61629.5,2,7,TRUE,2023-07-04
2023-07-05 11:00:00,11,63634.5,3,7,TRUE,2023-07-05
2023-07-06 11:00:00,11,59196.5,4,7,TRUE,2023-07-06
2023-07-07 11:00:00,11,59225.5,5,7,TRUE,2023-07-07
2023-07-08 11:00:00,11,49458.25,6,7,FALSE,2023-07-08
2023-07-09 19:00:00,19,46829.25,7,7,FALSE,2023-07-09
2023-07-10 11:00:00,11,62147.75,1,7,TRUE,2023-07-10
2023-07-11 11:00:00,11,61549,2,7,TRUE,2023-07-11
2023-07-12 12:00:00,12,61178.5,3,7,TRUE,2023-07-12
2023-07-13 11:00:00,11,61080,4,7,TRUE,2023-07-13
2023-07-14 11:00:00,11,59902.5,5,7,TRUE,2023-07-14
2023-07-15 11:00:00,11,53190.75,6,7,FALSE,2023-07-15
2023-07-16 11:00:00,11,45948,7,7,FALSE,2023-07-16
2023-07-17 11:00:00,11,59858.25,1,7,TRUE,2023-07-17
2023-07-18 12:00:00,12,60548.25,2,7,TRUE,2023-07-18
2023-07-19 11:00:00,11,60113.25,3,7,TRUE,2023-07-19
2023-07-20 12:00:00,12,60208,4,7,TRUE,2023-07-20
2023-07-21 11:00:00,11,58324.5,5,7,TRUE,2023-07-21
2023-07-22 11:00:00,11,49008,6,7,FALSE,2023-07-22
2023-07-23 18:00:00,18,46086,7,7,FALSE,2023-07-23
2023-07-24 11:00:00,11,61827.25,1,7,TRUE,2023-07-24
2023-07-25 11:00:00,11,59995.25,2,7,TRUE,2023-07-25
2023-07-26 11:00:00,11,59766,3,7,TRUE,2023-07-26
2023-07-27 11:00:00,11,60789.75,4,7,TRUE,2023-07-27
2023-07-28 11:00:00,11,60213.25,5,7,TRUE,2023-07-28
2023-07-29 11:00:00,11,49579.5,6,7,FALSE,2023-07-29
2023-07-30 11:00:00,11,45572.75,7,7,FALSE,2023-07-30
2023-07-31 12:00:00,12,59937.75,1,7,TRUE,2023-07-31
2023-08-01 11:00:00,11,60970.25,2,8,TRUE,2023-08-01
2023-08-02 11:00:00,11,61310.25,3,8,TRUE,2023-08-02
2023-08-03 11:00:00,11,60986.75,4,8,TRUE,2023-08-03
2023-08-04 11:00:00,11,58601.75,5,8,TRUE,2023-08-04
2023-08-05 11:00:00,11,47324.5,6,8,FALSE,2023-08-05
2023-08-06 18:00:00,18,46127.75,7,8,FALSE,2023-08-06
2023-08-07 12:00:00,12,59107.5,1,8,TRUE,2023-08-07
2023-08-08 13:00:00,13,58636.75,2,8,TRUE,2023-08-08
2023-08-09 12:00:00,12,58617.25,3,8,TRUE,2023-08-09
2023-08-10 11:00:00,11,58365.25,4,8,TRUE,2023-08-10
2023-08-11 11:00:00,11,57891,5,8,TRUE,2023-08-11
2023-08-12 12:00:00,12,50005.75,6,8,FALSE,2023-08-12
2023-08-13 11:00:00,11,45260.25,7,8,FALSE,2023-08-13
2023-08-14 11:00:00,11,58833.25,1,8,TRUE,2023-08-14
2023-08-15 11:00:00,11,58963.75,2,8,TRUE,2023-08-15
2023-08-16 11:00:00,11,59439,3,8,TRUE,2023-08-16
2023-08-17 11:00:00,11,60717,4,8,TRUE,2023-08-17
2023-08-18 11:00:00,11,60164.25,5,8,TRUE,2023-08-18
2023-08-19 11:00:00,11,51407.25,6,8,FALSE,2023-08-19
2023-08-20 19:00:00,19,45451.25,7,8,FALSE,2023-08-20
2023-08-21 11:00:00,11,60641.75,1,8,TRUE,2023-08-21
2023-08-22 11:00:00,11,60539.75,2,8,TRUE,2023-08-22
2023-08-23 11:00:00,11,60142.25,3,8,TRUE,2023-08-23
2023-08-24 12:00:00,12,62079.25,4,8,TRUE,2023-08-24
2023-08-25 11:00:00,11,62940,5,8,TRUE,2023-08-25
2023-08-26 12:00:00,12,51602.25,6,8,FALSE,2023-08-26
2023-08-27 11:00:00,11,47599.25,7,8,FALSE,2023-08-27
2023-08-28 12:00:00,12,60176,1,8,TRUE,2023-08-28
2023-08-29 11:00:00,11,61593.75,2,8,TRUE,2023-08-29
2023-08-30 11:00:00,11,60191.75,3,8,TRUE,2023-08-30
2023-08-31 12:00:00,12,60193.75,4,8,TRUE,2023-08-31
2023-09-01 11:00:00,11,60804.5,5,9,TRUE,2023-09-01
2023-09-02 11:00:00,11,49608,6,9,FALSE,2023-09-02
2023-09-03 11:00:00,11,45694.25,7,9,FALSE,2023-09-03
2023-09-04 11:00:00,11,58515,1,9,TRUE,2023-09-04
2023-09-05 11:00:00,11,60016.25,2,9,TRUE,2023-09-05
2023-09-06 11:00:00,11,60776.25,3,9,TRUE,2023-09-06
2023-09-07 11:00:00,11,60901.25,4,9,TRUE,2023-09-07
2023-09-08 11:00:00,11,60528.75,5,9,TRUE,2023-09-08
2023-09-09 11:00:00,11,50644.25,6,9,FALSE,2023-09-09
2023-09-10 20:00:00,20,47194.5,7,9,FALSE,2023-09-10
2023-09-11 11:00:00,11,61631.25,1,9,TRUE,2023-09-11
2023-09-12 11:00:00,11,63648.75,2,9,TRUE,2023-09-12
2023-09-13 12:00:00,12,62847,3,9,TRUE,2023-09-13
2023-09-14 11:00:00,11,60723.5,4,9,TRUE,2023-09-14
2023-09-15 09:00:00,9,59693.5,5,9,TRUE,2023-09-15
2023-09-16 11:00:00,11,50417,6,9,FALSE,2023-09-16
2023-09-17 20:00:00,20,48124.75,7,9,FALSE,2023-09-17
2023-09-18 11:00:00,11,63687.75,1,9,TRUE,2023-09-18
2023-09-19 11:00:00,11,60876.25,2,9,TRUE,2023-09-19
2023-09-20 11:00:00,11,60742.5,3,9,TRUE,2023-09-20
2023-09-21 11:00:00,11,62616.5,4,9,TRUE,2023-09-21
2023-09-22 11:00:00,11,61777.75,5,9,TRUE,2023-09-22
2023-09-23 11:00:00,11,50098.75,6,9,FALSE,2023-09-23
2023-09-24 19:00:00,19,46289.25,7,9,FALSE,2023-09-24
2023-09-25 09:00:00,9,60545.5,1,9,TRUE,2023-09-25
2023-09-26 09:00:00,9,60233.25,2,9,TRUE,2023-09-26
2023-09-27 09:00:00,9,60693,3,9,TRUE,2023-09-27
2023-09-28 10:00:00,10,61772.5,4,9,TRUE,2023-09-28
2023-09-29 11:00:00,11,61222.25,5,9,TRUE,2023-09-29
2023-09-30 11:00:00,11,50780.5,6,9,FALSE,2023-09-30
2023-10-01 19:00:00,19,47407.5,7,10,FALSE,2023-10-01
2023-10-02 12:00:00,12,54565.75,1,10,TRUE,2023-10-02
2023-10-03 11:00:00,11,52305,2,10,TRUE,2023-10-03
2023-10-04 09:00:00,9,61781.25,3,10,TRUE,2023-10-04
2023-10-05 11:00:00,11,63270.75,4,10,TRUE,2023-10-05
2023-10-06 10:00:00,10,63383.75,5,10,TRUE,2023-10-06
2023-10-07 11:00:00,11,52495.75,6,10,FALSE,2023-10-07
2023-10-08 19:00:00,19,49155.5,7,10,FALSE,2023-10-08
2023-10-09 11:00:00,11,63744.75,1,10,TRUE,2023-10-09
2023-10-10 11:00:00,11,63578.75,2,10,TRUE,2023-10-10
2023-10-11 19:00:00,19,63398,3,10,TRUE,2023-10-11
2023-10-12 11:00:00,11,66043.75,4,10,TRUE,2023-10-12
2023-10-13 11:00:00,11,64019.75,5,10,TRUE,2023-10-13
2023-10-14 11:00:00,11,53373.25,6,10,FALSE,2023-10-14
2023-10-15 19:00:00,19,53030.75,7,10,FALSE,2023-10-15
2023-10-16 10:00:00,10,64375.5,1,10,TRUE,2023-10-16
2023-10-17 11:00:00,11,64666,2,10,TRUE,2023-10-17
2023-10-18 11:00:00,11,65268.75,3,10,TRUE,2023-10-18
2023-10-19 11:00:00,11,67291.25,4,10,TRUE,2023-10-19
2023-10-20 11:00:00,11,68280.25,5,10,TRUE,2023-10-20
2023-10-21 11:00:00,11,54194.5,6,10,FALSE,2023-10-21
2023-10-22 18:00:00,18,52257,7,10,FALSE,2023-10-22
2023-10-23 11:00:00,11,64556.5,1,10,TRUE,2023-10-23
2023-10-24 11:00:00,11,66869.25,2,10,TRUE,2023-10-24
2023-10-25 18:00:00,18,64903.75,3,10,TRUE,2023-10-25
2023-10-26 11:00:00,11,67265.5,4,10,TRUE,2023-10-26
2023-10-27 10:00:00,10,66137.25,5,10,TRUE,2023-10-27
2023-10-28 12:00:00,12,54087.25,6,10,FALSE,2023-10-28
2023-10-29 18:00:00,18,54155.75,7,10,FALSE,2023-10-29
2023-10-30 11:00:00,11,63031.25,1,10,TRUE,2023-10-30
2023-10-31 11:00:00,11,62796.75,2,10,TRUE,2023-10-31
2023-11-01 18:00:00,18,58318,3,11,TRUE,2023-11-01
2023-11-02 11:00:00,11,66618.25,4,11,TRUE,2023-11-02
2023-11-03 11:00:00,11,64766.5,5,11,TRUE,2023-11-03
2023-11-04 17:00:00,17,57912.5,6,11,FALSE,2023-11-04
2023-11-05 18:00:00,18,53737.25,7,11,FALSE,2023-11-05
2023-11-06 17:00:00,17,67582.75,1,11,TRUE,2023-11-06
2023-11-07 17:00:00,17,67385.25,2,11,TRUE,2023-11-07
2023-11-08 17:00:00,17,68216.75,3,11,TRUE,2023-11-08
2023-11-09 11:00:00,11,69108.5,4,11,TRUE,2023-11-09
2023-11-10 11:00:00,11,68161.5,5,11,TRUE,2023-11-10
2023-11-11 17:00:00,17,56464,6,11,FALSE,2023-11-11
2023-11-12 18:00:00,18,55054.5,7,11,FALSE,2023-11-12
2023-11-13 17:00:00,17,68731.75,1,11,TRUE,2023-11-13
2023-11-14 11:00:00,11,68684.5,2,11,TRUE,2023-11-14
2023-11-15 11:00:00,11,68412.25,3,11,TRUE,2023-11-15
2023-11-16 10:00:00,10,68989,4,11,TRUE,2023-11-16
2023-11-17 10:00:00,10,67660.5,5,11,TRUE,2023-11-17
2023-11-18 17:00:00,17,58670.75,6,11,FALSE,2023-11-18
2023-11-19 18:00:00,18,55652,7,11,FALSE,2023-11-19
2023-11-20 11:00:00,11,67064.25,1,11,TRUE,2023-11-20
2023-11-21 17:00:00,17,68568,2,11,TRUE,2023-11-21
2023-11-22 17:00:00,17,69927.25,3,11,TRUE,2023-11-22
2023-11-23 17:00:00,17,70465,4,11,TRUE,2023-11-23
2023-11-24 11:00:00,11,69995,5,11,TRUE,2023-11-24
2023-11-25 17:00:00,17,60216.25,6,11,FALSE,2023-11-25
2023-11-26 18:00:00,18,57350.75,7,11,FALSE,2023-11-26
2023-11-27 17:00:00,17,72209.75,1,11,TRUE,2023-11-27
2023-11-28 11:00:00,11,71907.75,2,11,TRUE,2023-11-28
2023-11-29 11:00:00,11,72425.25,3,11,TRUE,2023-11-29
2023-11-30 11:00:00,11,71012,4,11,TRUE,2023-11-30
2023-12-01 11:00:00,11,71279.25,5,12,TRUE,2023-12-01
2023-12-02 17:00:00,17,61537.75,6,12,FALSE,2023-12-02
2023-12-03 18:00:00,18,59217,7,12,FALSE,2023-12-03
2023-12-04 17:00:00,17,73586.5,1,12,TRUE,2023-12-04
2023-12-05 11:00:00,11,72820,2,12,TRUE,2023-12-05
2023-12-06 11:00:00,11,72988.25,3,12,TRUE,2023-12-06
2023-12-07 17:00:00,17,70372.5,4,12,TRUE,2023-12-07
2023-12-08 10:00:00,10,71737.75,5,12,TRUE,2023-12-08
2023-12-09 17:00:00,17,61094.5,6,12,FALSE,2023-12-09
2023-12-10 18:00:00,18,56439.5,7,12,FALSE,2023-12-10
2023-12-11 17:00:00,17,68734.75,1,12,TRUE,2023-12-11
2023-12-12 17:00:00,17,67955,2,12,TRUE,2023-12-12
2023-12-13 17:00:00,17,69631.5,3,12,TRUE,2023-12-13
2023-12-14 11:00:00,11,67839.25,4,12,TRUE,2023-12-14
2023-12-15 10:00:00,10,67676.75,5,12,TRUE,2023-12-15
2023-12-16 17:00:00,17,58996.5,6,12,FALSE,2023-12-16
2023-12-17 18:00:00,18,56724.75,7,12,FALSE,2023-12-17
2023-12-18 17:00:00,17,68951.25,1,12,TRUE,2023-12-18
2023-12-19 11:00:00,11,68683,2,12,TRUE,2023-12-19
2023-12-20 13:00:00,13,66690.5,3,12,TRUE,2023-12-20
2023-12-21 11:00:00,11,66179.75,4,12,TRUE,2023-12-21
2023-12-22 11:00:00,11,63325.5,5,12,TRUE,2023-12-22
2023-12-23 17:00:00,17,57793.5,6,12,FALSE,2023-12-23
2023-12-24 17:00:00,17,53293.5,7,12,FALSE,2023-12-24
2023-12-25 11:00:00,11,50849,1,12,TRUE,2023-12-25
2023-12-26 17:00:00,17,51654,2,12,TRUE,2023-12-26
2023-12-27 17:00:00,17,55794,3,12,TRUE,2023-12-27
2023-12-28 18:00:00,18,57912.5,4,12,TRUE,2023-12-28
2023-12-29 17:00:00,17,57265.75,5,12,TRUE,2023-12-29
2023-12-30 18:00:00,18,53235,6,12,FALSE,2023-12-30
2023-12-31 17:00:00,17,52408.75,7,12,FALSE,2023-12-31
2024-01-01 17:00:00,17,49630,1,1,TRUE,2024-01-01
2024-01-02 17:00:00,17,61701.25,2,1,TRUE,2024-01-02
2024-01-03 12:00:00,12,64172.75,3,1,TRUE,2024-01-03
2024-01-04 12:00:00,12,64654.25,4,1,TRUE,2024-01-04
2024-01-05 11:00:00,11,64311.75,5,1,TRUE,2024-01-05
2024-01-06 18:00:00,18,57530.5,6,1,FALSE,2024-01-06
2024-01-07 18:00:00,18,58482,7,1,FALSE,2024-01-07
2024-01-08 11:00:00,11,70877,1,1,TRUE,2024-01-08
2024-01-09 10:00:00,10,71816.75,2,1,TRUE,2024-01-09
2024-01-10 09:00:00,9,71887.5,3,1,TRUE,2024-01-10
2024-01-11 11:00:00,11,71991.25,4,1,TRUE,2024-01-11
2024-01-12 10:00:00,10,72251,5,1,TRUE,2024-01-12
2024-01-13 17:00:00,17,64144.5,6,1,FALSE,2024-01-13
2024-01-14 18:00:00,18,61171.25,7,1,FALSE,2024-01-14
2024-01-15 11:00:00,11,74140,1,1,TRUE,2024-01-15
2024-01-16 12:00:00,12,70982.75,2,1,TRUE,2024-01-16
2024-01-17 09:00:00,9,73082,3,1,TRUE,2024-01-17
2024-01-18 12:00:00,12,71569.5,4,1,TRUE,2024-01-18
2024-01-19 10:00:00,10,74770,5,1,TRUE,2024-01-19
2024-01-20 11:00:00,11,63606,6,1,FALSE,2024-01-20
2024-01-21 18:00:00,18,61545.25,7,1,FALSE,2024-01-21
2024-01-22 12:00:00,12,73381.75,1,1,TRUE,2024-01-22
2024-01-23 10:00:00,10,72494.25,2,1,TRUE,2024-01-23
2024-01-24 11:00:00,11,73122.75,3,1,TRUE,2024-01-24
2024-01-25 11:00:00,11,69740.5,4,1,TRUE,2024-01-25
2024-01-26 12:00:00,12,69989.75,5,1,TRUE,2024-01-26
2024-01-27 18:00:00,18,58438.75,6,1,FALSE,2024-01-27
2024-01-28 18:00:00,18,55016,7,1,FALSE,2024-01-28
2024-01-29 10:00:00,10,66610.75,1,1,TRUE,2024-01-29
2024-01-30 18:00:00,18,68755.25,2,1,TRUE,2024-01-30
2024-01-31 12:00:00,12,71291.75,3,1,TRUE,2024-01-31
2024-02-01 10:00:00,10,70875,4,2,TRUE,2024-02-01
2024-02-02 11:00:00,11,70086,5,2,TRUE,2024-02-02
2024-02-03 11:00:00,11,60136.5,6,2,FALSE,2024-02-03
2024-02-04 18:00:00,18,59600.5,7,2,FALSE,2024-02-04
2024-02-05 12:00:00,12,69643.75,1,2,TRUE,2024-02-05
2024-02-06 11:00:00,11,71517.25,2,2,TRUE,2024-02-06
2024-02-07 11:00:00,11,71232,3,2,TRUE,2024-02-07
2024-02-08 12:00:00,12,68904,4,2,TRUE,2024-02-08
2024-02-09 10:00:00,10,69638.75,5,2,TRUE,2024-02-09
2024-02-10 11:00:00,11,56963.75,6,2,FALSE,2024-02-10
2024-02-11 18:00:00,18,55149.75,7,2,FALSE,2024-02-11
2024-02-12 12:00:00,12,65550.25,1,2,TRUE,2024-02-12
2024-02-13 10:00:00,10,67419,2,2,TRUE,2024-02-13
2024-02-14 11:00:00,11,68152,3,2,TRUE,2024-02-14
2024-02-15 12:00:00,12,66270.25,4,2,TRUE,2024-02-15
2024-02-16 12:00:00,12,66222.75,5,2,TRUE,2024-02-16
2024-02-17 11:00:00,11,55900.25,6,2,FALSE,2024-02-17
2024-02-18 18:00:00,18,54884.25,7,2,FALSE,2024-02-18
2024-02-19 11:00:00,11,68046.25,1,2,TRUE,2024-02-19
2024-02-20 11:00:00,11,67726.25,2,2,TRUE,2024-02-20
2024-02-21 11:00:00,11,68279.5,3,2,TRUE,2024-02-21
2024-02-22 18:00:00,18,68519.25,4,2,TRUE,2024-02-22
2024-02-23 11:00:00,11,70075.25,5,2,TRUE,2024-02-23
2024-02-24 18:00:00,18,56961,6,2,FALSE,2024-02-24
2024-02-25 18:00:00,18,54381,7,2,FALSE,2024-02-25
2024-02-26 11:00:00,11,67946.75,1,2,TRUE,2024-02-26
2024-02-27 11:00:00,11,68442,2,2,TRUE,2024-02-27
2024-02-28 11:00:00,11,65471.25,3,2,TRUE,2024-02-28
2024-02-29 11:00:00,11,66614.25,4,2,TRUE,2024-02-29
2024-03-01 11:00:00,11,65335,5,3,TRUE,2024-03-01
2024-03-02 18:00:00,18,52522.75,6,3,FALSE,2024-03-02
2024-03-03 18:00:00,18,51505.25,7,3,FALSE,2024-03-03
2024-03-04 12:00:00,12,66120,1,3,TRUE,2024-03-04
2024-03-05 11:00:00,11,68833.75,2,3,TRUE,2024-03-05
2024-03-06 10:00:00,10,65230,3,3,TRUE,2024-03-06
2024-03-07 10:00:00,10,65692.5,4,3,TRUE,2024-03-07
2024-03-08 10:00:00,10,63796.25,5,3,TRUE,2024-03-08
2024-03-09 19:00:00,19,53463,6,3,FALSE,2024-03-09
2024-03-10 18:00:00,18,53406.25,7,3,FALSE,2024-03-10
2024-03-11 11:00:00,11,65035.25,1,3,TRUE,2024-03-11
2024-03-12 11:00:00,11,66313.75,2,3,TRUE,2024-03-12
2024-03-13 11:00:00,11,66218.75,3,3,TRUE,2024-03-13
2024-03-14 08:00:00,8,63515.5,4,3,TRUE,2024-03-14
2024-03-15 11:00:00,11,64498.5,5,3,TRUE,2024-03-15
2024-03-16 11:00:00,11,55047.25,6,3,FALSE,2024-03-16
2024-03-17 19:00:00,19,50497.75,7,3,FALSE,2024-03-17
2024-03-18 11:00:00,11,64774.75,1,3,TRUE,2024-03-18
2024-03-19 09:00:00,9,65603.75,2,3,TRUE,2024-03-19
2024-03-20 09:00:00,9,62809.5,3,3,TRUE,2024-03-20
2024-03-21 11:00:00,11,63794.75,4,3,TRUE,2024-03-21
2024-03-22 11:00:00,11,62320.75,5,3,TRUE,2024-03-22
2024-03-23 11:00:00,11,53548.5,6,3,FALSE,2024-03-23
2024-03-24 18:00:00,18,51626.75,7,3,FALSE,2024-03-24
2024-03-25 09:00:00,9,60386,1,3,TRUE,2024-03-25
2024-03-26 11:00:00,11,64213.75,2,3,TRUE,2024-03-26
2024-03-27 09:00:00,9,62365.25,3,3,TRUE,2024-03-27
2024-03-28 11:00:00,11,62337.5,4,3,TRUE,2024-03-28
